Timestamp,Source_IP,Destination_IP,Protocol,Port,Bytes_Sent,Bytes_Received,Status,Threat_Level
2025-03-19 13:04:10,10.0.0.15,192.168.1.20,TCP,N/A,5411,8989,Blocked,Low
2025-03-19 13:03:40,192.168.1.13,172.217.169.46,ICMP,443,4999,11808,Allowed,Medium
2025-03-19 13:03:10,10.0.0.5,203.0.113.99,HTTP,443,6360,10852,Allowed,Medium
2025-03-19 13:02:40,10.0.0.9,192.168.1.20,TCP,N/A,4011,14314,Blocked,Low
2025-03-19 13:02:10,192.168.1.4,172.217.169.46,FTP,N/A,5254,8718,Blocked,Medium
2025-03-19 13:01:40,10.0.0.43,172.217.169.46,DNS,53,6915,12981,Allowed,Low
2025-03-19 13:01:10,10.0.0.26,10.0.0.5,ICMP,53,3431,2826,Allowed,High
2025-03-19 13:00:40,192.168.1.36,192.168.1.20,TCP,21,5655,119,Allowed,Medium
2025-03-19 13:00:10,192.168.1.26,192.168.1.20,FTP,N/A,8170,9498,Allowed,Medium
2025-03-19 12:59:40,10.0.0.43,10.0.0.5,ICMP,3389,3305,6621,Blocked,Low
2025-03-19 12:59:10,10.0.0.33,203.0.113.99,UDP,3389,3700,11297,Blocked,Medium
2025-03-19 12:58:40,192.168.1.22,192.168.1.20,UDP,21,9412,10161,Allowed,Medium
2025-03-19 12:58:10,192.168.1.43,203.0.113.99,UDP,21,3722,102,Blocked,Low
2025-03-19 12:57:40,10.0.0.49,172.217.169.46,TCP,8080,2118,14795,Allowed,Low
2025-03-19 12:57:10,192.168.1.25,10.0.0.5,DNS,21,6626,3309,Blocked,Low
2025-03-19 12:56:40,10.0.0.11,8.8.8.8,FTP,80,1355,5265,Blocked,Medium
2025-03-19 12:56:10,192.168.1.11,8.8.8.8,ICMP,22,4213,12043,Blocked,Low
2025-03-19 12:55:40,10.0.0.27,8.8.8.8,DNS,21,7054,14264,Blocked,Low
2025-03-19 12:55:10,10.0.0.7,203.0.113.99,UDP,3389,7664,14139,Blocked,Medium
2025-03-19 12:54:40,10.0.0.30,203.0.113.99,FTP,80,324,7694,Blocked,High
2025-03-19 12:54:10,10.0.0.50,203.0.113.99,DNS,8080,1199,10585,Allowed,Low
2025-03-19 12:53:40,192.168.1.6,10.0.0.5,ICMP,80,3933,2686,Allowed,Low
2025-03-19 12:53:10,10.0.0.13,203.0.113.99,ICMP,8080,8405,8662,Allowed,Medium
2025-03-19 12:52:40,10.0.0.30,8.8.8.8,DNS,3389,3199,1293,Allowed,Low
2025-03-19 12:52:10,192.168.1.42,8.8.8.8,HTTP,22,5916,13512,Allowed,Medium
2025-03-19 12:51:40,10.0.0.33,192.168.1.20,DNS,3389,4926,14081,Blocked,Low
2025-03-19 12:51:10,10.0.0.50,203.0.113.99,DNS,N/A,6514,871,Allowed,Low
2025-03-19 12:50:40,10.0.0.9,8.8.8.8,FTP,21,1418,6803,Blocked,Medium
2025-03-19 12:50:10,192.168.1.12,8.8.8.8,HTTP,443,3757,11559,Allowed,High
2025-03-19 12:49:40,10.0.0.34,203.0.113.99,TCP,22,1127,8358,Blocked,Low
2025-03-19 12:49:10,10.0.0.36,10.0.0.5,UDP,80,2336,2752,Allowed,Medium
2025-03-19 12:48:40,192.168.1.26,172.217.169.46,DNS,22,2290,6944,Blocked,Low
2025-03-19 12:48:10,192.168.1.41,203.0.113.99,ICMP,3389,8308,5362,Blocked,Low
2025-03-19 12:47:40,10.0.0.30,192.168.1.20,ICMP,N/A,4561,14966,Allowed,Low
2025-03-19 12:47:10,10.0.0.24,8.8.8.8,FTP,8080,2021,14824,Blocked,Low
2025-03-19 12:46:40,10.0.0.18,203.0.113.99,FTP,3389,3543,192,Blocked,High
2025-03-19 12:46:10,10.0.0.1,8.8.8.8,TCP,53,8680,10955,Allowed,Low
2025-03-19 12:45:40,192.168.1.36,192.168.1.20,FTP,80,3894,11683,Blocked,Low
2025-03-19 12:45:10,192.168.1.23,203.0.113.99,DNS,N/A,3690,14020,Blocked,Low
2025-03-19 12:44:40,10.0.0.29,192.168.1.20,ICMP,8080,2367,9735,Allowed,Low
2025-03-19 12:44:10,10.0.0.33,10.0.0.5,DNS,21,5672,5669,Blocked,Low
2025-03-19 12:43:40,192.168.1.14,192.168.1.20,DNS,21,5267,14313,Blocked,Low
2025-03-19 12:43:10,192.168.1.38,10.0.0.5,UDP,21,6319,9322,Blocked,Low
2025-03-19 12:42:40,192.168.1.10,10.0.0.5,HTTP,8080,2914,8306,Allowed,Low
2025-03-19 12:42:10,10.0.0.8,192.168.1.20,DNS,3389,7157,14676,Allowed,High
2025-03-19 12:41:40,10.0.0.43,172.217.169.46,FTP,80,3721,9829,Blocked,High
2025-03-19 12:41:10,192.168.1.33,192.168.1.20,FTP,21,1332,8455,Blocked,Low
2025-03-19 12:40:40,10.0.0.24,172.217.169.46,HTTP,21,8119,14010,Allowed,Low
2025-03-19 12:40:10,10.0.0.4,8.8.8.8,DNS,3389,451,10116,Blocked,Medium
2025-03-19 12:39:40,10.0.0.32,8.8.8.8,FTP,80,6455,1019,Allowed,Low
2025-03-19 12:39:10,192.168.1.10,192.168.1.20,FTP,80,1800,3791,Blocked,Medium
2025-03-19 12:38:40,192.168.1.5,203.0.113.99,HTTP,53,5535,13292,Allowed,Medium
2025-03-19 12:38:10,192.168.1.25,203.0.113.99,UDP,80,2724,10882,Blocked,Low
2025-03-19 12:37:40,192.168.1.38,8.8.8.8,TCP,22,7878,4797,Blocked,Low
2025-03-19 12:37:10,192.168.1.15,203.0.113.99,FTP,53,8061,14155,Blocked,Low
2025-03-19 12:36:40,192.168.1.18,8.8.8.8,FTP,22,2828,1880,Blocked,Medium
2025-03-19 12:36:10,192.168.1.1,192.168.1.20,UDP,443,106,2927,Blocked,Low
2025-03-19 12:35:40,192.168.1.47,203.0.113.99,TCP,22,4206,3944,Allowed,Medium
2025-03-19 12:35:10,192.168.1.27,172.217.169.46,DNS,21,3202,12279,Allowed,Medium
2025-03-19 12:34:40,10.0.0.47,192.168.1.20,ICMP,N/A,5885,463,Allowed,Critical
2025-03-19 12:34:10,192.168.1.50,172.217.169.46,DNS,443,3764,5843,Blocked,Medium
2025-03-19 12:33:40,10.0.0.35,10.0.0.5,UDP,3389,7844,9970,Allowed,Low
2025-03-19 12:33:10,10.0.0.34,192.168.1.20,TCP,80,3842,11920,Allowed,Low
2025-03-19 12:32:40,10.0.0.36,8.8.8.8,UDP,53,2239,8210,Blocked,High
2025-03-19 12:32:10,10.0.0.24,203.0.113.99,DNS,53,3714,1713,Allowed,Low
2025-03-19 12:31:40,192.168.1.21,172.217.169.46,ICMP,3389,4048,4111,Blocked,High
2025-03-19 12:31:10,10.0.0.20,172.217.169.46,DNS,8080,8049,13152,Blocked,Low
2025-03-19 12:30:40,192.168.1.23,192.168.1.20,HTTP,53,6443,5000,Blocked,Medium
2025-03-19 12:30:10,10.0.0.20,192.168.1.20,ICMP,80,5239,12868,Allowed,Low
2025-03-19 12:29:40,192.168.1.34,203.0.113.99,UDP,80,7256,10866,Blocked,Low
2025-03-19 12:29:10,192.168.1.49,8.8.8.8,DNS,443,1305,11546,Allowed,Low
2025-03-19 12:28:40,10.0.0.5,203.0.113.99,TCP,443,3837,9675,Blocked,Low
2025-03-19 12:28:10,192.168.1.49,203.0.113.99,UDP,443,9947,11140,Blocked,Low
2025-03-19 12:27:40,192.168.1.45,192.168.1.20,ICMP,22,274,9781,Blocked,Medium
2025-03-19 12:27:10,10.0.0.38,192.168.1.20,ICMP,22,7432,3478,Allowed,Low
2025-03-19 12:26:40,192.168.1.12,203.0.113.99,TCP,21,7198,5474,Blocked,Medium
2025-03-19 12:26:10,10.0.0.27,8.8.8.8,HTTP,N/A,6494,13684,Blocked,Medium
2025-03-19 12:25:40,10.0.0.41,172.217.169.46,TCP,22,8289,12879,Blocked,Low
2025-03-19 12:25:10,192.168.1.19,10.0.0.5,TCP,21,4520,14317,Blocked,High
2025-03-19 12:24:40,10.0.0.20,8.8.8.8,DNS,443,8312,13666,Blocked,Medium
2025-03-19 12:24:10,192.168.1.30,192.168.1.20,TCP,443,4258,5729,Allowed,Low
2025-03-19 12:23:40,10.0.0.23,192.168.1.20,HTTP,53,1169,8257,Blocked,Low
2025-03-19 12:23:10,10.0.0.19,192.168.1.20,DNS,443,9348,2110,Allowed,High
2025-03-19 12:22:40,192.168.1.45,203.0.113.99,HTTP,443,5052,2643,Blocked,Low
2025-03-19 12:22:10,10.0.0.11,10.0.0.5,TCP,21,2500,14611,Blocked,Low
2025-03-19 12:21:40,10.0.0.27,10.0.0.5,DNS,80,9256,11626,Blocked,Low
2025-03-19 12:21:10,192.168.1.14,10.0.0.5,FTP,21,3228,6764,Blocked,Medium
2025-03-19 12:20:40,10.0.0.24,192.168.1.20,TCP,3389,8043,14924,Allowed,Medium
2025-03-19 12:20:10,10.0.0.42,203.0.113.99,HTTP,8080,8601,8051,Allowed,Low
2025-03-19 12:19:40,10.0.0.38,8.8.8.8,DNS,8080,6726,9422,Allowed,Low
2025-03-19 12:19:10,10.0.0.31,172.217.169.46,UDP,22,6894,1773,Allowed,Medium
2025-03-19 12:18:40,10.0.0.39,192.168.1.20,DNS,8080,5561,2024,Blocked,Low
2025-03-19 12:18:10,10.0.0.34,172.217.169.46,DNS,22,2932,812,Blocked,Low
2025-03-19 12:17:40,192.168.1.49,172.217.169.46,ICMP,22,3690,1710,Allowed,Low
2025-03-19 12:17:10,192.168.1.41,192.168.1.20,UDP,80,8220,6254,Blocked,Low
2025-03-19 12:16:40,192.168.1.20,8.8.8.8,FTP,22,3850,5253,Blocked,Low
2025-03-19 12:16:10,192.168.1.35,203.0.113.99,FTP,8080,9371,7189,Allowed,Critical
2025-03-19 12:15:40,192.168.1.36,8.8.8.8,UDP,21,5950,3647,Blocked,Low
2025-03-19 12:15:10,10.0.0.13,172.217.169.46,FTP,N/A,9577,14342,Allowed,High
2025-03-19 12:14:40,10.0.0.26,172.217.169.46,UDP,3389,8143,3790,Blocked,Medium
2025-03-19 12:14:10,10.0.0.18,8.8.8.8,DNS,8080,4639,8923,Blocked,Low
2025-03-19 12:13:40,192.168.1.1,192.168.1.20,HTTP,8080,6207,6680,Allowed,Medium
2025-03-19 12:13:10,10.0.0.10,172.217.169.46,UDP,53,3883,9398,Blocked,Medium
2025-03-19 12:12:40,192.168.1.40,203.0.113.99,UDP,3389,2684,6548,Blocked,Low
2025-03-19 12:12:10,10.0.0.48,8.8.8.8,ICMP,21,1589,12067,Allowed,Low
2025-03-19 12:11:40,10.0.0.50,192.168.1.20,ICMP,3389,4930,4066,Allowed,High
2025-03-19 12:11:10,10.0.0.15,10.0.0.5,HTTP,3389,3010,4841,Blocked,Low
2025-03-19 12:10:40,192.168.1.23,172.217.169.46,FTP,8080,3954,13685,Allowed,Medium
2025-03-19 12:10:10,10.0.0.3,203.0.113.99,DNS,53,3365,13484,Allowed,Low
2025-03-19 12:09:40,192.168.1.4,10.0.0.5,ICMP,3389,7474,1745,Blocked,Low
2025-03-19 12:09:10,192.168.1.6,192.168.1.20,FTP,8080,612,11203,Blocked,Medium
2025-03-19 12:08:40,10.0.0.17,8.8.8.8,UDP,443,8882,1097,Blocked,Low
2025-03-19 12:08:10,192.168.1.21,8.8.8.8,ICMP,3389,6228,13746,Allowed,Low
2025-03-19 12:07:40,192.168.1.14,10.0.0.5,UDP,443,121,11748,Blocked,Low
2025-03-19 12:07:10,192.168.1.20,10.0.0.5,ICMP,22,5927,9797,Allowed,Low
2025-03-19 12:06:40,192.168.1.45,172.217.169.46,ICMP,22,3037,8162,Blocked,Low
2025-03-19 12:06:10,10.0.0.28,172.217.169.46,TCP,80,5611,12013,Blocked,Medium
2025-03-19 12:05:40,192.168.1.43,8.8.8.8,TCP,21,5782,8111,Blocked,Medium
2025-03-19 12:05:10,10.0.0.43,172.217.169.46,UDP,8080,4615,2852,Allowed,Low
2025-03-19 12:04:40,10.0.0.2,192.168.1.20,ICMP,443,5716,7318,Blocked,Medium
2025-03-19 12:04:10,192.168.1.18,203.0.113.99,FTP,21,3602,5864,Blocked,Low
2025-03-19 12:03:40,10.0.0.17,192.168.1.20,FTP,3389,7901,1474,Allowed,Low
2025-03-19 12:03:10,192.168.1.16,10.0.0.5,HTTP,53,4786,3589,Allowed,Low
2025-03-19 12:02:40,192.168.1.19,203.0.113.99,ICMP,8080,3500,2239,Blocked,Medium
2025-03-19 12:02:10,192.168.1.4,10.0.0.5,DNS,22,7130,10135,Blocked,Medium
2025-03-19 12:01:40,10.0.0.27,10.0.0.5,DNS,3389,1712,10113,Allowed,Medium
2025-03-19 12:01:10,10.0.0.28,172.217.169.46,FTP,8080,5249,10137,Blocked,Low
2025-03-19 12:00:40,192.168.1.41,8.8.8.8,DNS,53,3443,5110,Blocked,Medium
2025-03-19 12:00:10,192.168.1.42,192.168.1.20,UDP,N/A,9496,8557,Allowed,Low
2025-03-19 11:59:40,10.0.0.17,192.168.1.20,DNS,53,3642,6257,Blocked,Low
2025-03-19 11:59:10,10.0.0.11,8.8.8.8,DNS,N/A,6537,4286,Allowed,Low
2025-03-19 11:58:40,10.0.0.25,203.0.113.99,DNS,3389,5650,8674,Blocked,Medium
2025-03-19 11:58:10,10.0.0.16,192.168.1.20,TCP,21,7192,960,Allowed,Low
2025-03-19 11:57:40,192.168.1.50,203.0.113.99,FTP,8080,8224,6211,Blocked,Medium
2025-03-19 11:57:10,192.168.1.17,172.217.169.46,DNS,22,6714,13124,Blocked,Critical
2025-03-19 11:56:40,10.0.0.29,172.217.169.46,UDP,N/A,8704,1588,Blocked,Low
2025-03-19 11:56:10,10.0.0.20,8.8.8.8,TCP,21,1616,5109,Allowed,Medium
2025-03-19 11:55:40,192.168.1.16,192.168.1.20,UDP,22,4267,9739,Allowed,Medium
2025-03-19 11:55:10,10.0.0.1,8.8.8.8,DNS,N/A,1905,7107,Allowed,Medium
2025-03-19 11:54:40,192.168.1.7,192.168.1.20,FTP,3389,6510,14847,Blocked,Low
2025-03-19 11:54:10,10.0.0.34,192.168.1.20,FTP,53,4261,4568,Allowed,Low
2025-03-19 11:53:40,10.0.0.11,8.8.8.8,HTTP,80,282,14923,Blocked,Low
2025-03-19 11:53:10,10.0.0.21,192.168.1.20,UDP,21,9185,11618,Allowed,Low
2025-03-19 11:52:40,10.0.0.41,192.168.1.20,HTTP,21,4896,8853,Blocked,Medium
2025-03-19 11:52:10,10.0.0.9,172.217.169.46,FTP,80,8210,2137,Allowed,Low
2025-03-19 11:51:40,192.168.1.50,192.168.1.20,FTP,8080,6075,14854,Allowed,Medium
2025-03-19 11:51:10,10.0.0.9,10.0.0.5,DNS,21,2066,10284,Allowed,High
2025-03-19 11:50:40,192.168.1.27,172.217.169.46,TCP,N/A,5269,8396,Blocked,Medium
2025-03-19 11:50:10,192.168.1.46,203.0.113.99,DNS,N/A,646,3218,Allowed,Low
2025-03-19 11:49:40,10.0.0.20,192.168.1.20,DNS,N/A,5934,13269,Blocked,Medium
2025-03-19 11:49:10,192.168.1.42,10.0.0.5,HTTP,53,2702,634,Allowed,Critical
2025-03-19 11:48:40,10.0.0.42,203.0.113.99,ICMP,3389,2323,5550,Blocked,High
2025-03-19 11:48:10,192.168.1.5,203.0.113.99,DNS,53,2058,13774,Allowed,Low
2025-03-19 11:47:40,10.0.0.43,10.0.0.5,HTTP,53,3362,11867,Allowed,Low
2025-03-19 11:47:10,192.168.1.47,10.0.0.5,DNS,N/A,9813,7092,Allowed,Low
2025-03-19 11:46:40,192.168.1.18,172.217.169.46,DNS,80,814,6761,Blocked,High
2025-03-19 11:46:10,10.0.0.30,10.0.0.5,ICMP,3389,7170,9399,Allowed,Low
2025-03-19 11:45:40,192.168.1.46,10.0.0.5,HTTP,80,9308,1860,Blocked,Low
2025-03-19 11:45:10,10.0.0.27,192.168.1.20,DNS,22,5998,14876,Blocked,Low
2025-03-19 11:44:40,192.168.1.50,172.217.169.46,TCP,443,2240,128,Blocked,Low
2025-03-19 11:44:10,192.168.1.43,203.0.113.99,FTP,53,4131,5860,Allowed,Low
2025-03-19 11:43:40,10.0.0.47,8.8.8.8,UDP,443,6736,12169,Allowed,Low
2025-03-19 11:43:10,10.0.0.17,172.217.169.46,ICMP,22,7502,451,Allowed,Medium
2025-03-19 11:42:40,10.0.0.22,192.168.1.20,ICMP,53,9830,4202,Blocked,Low
2025-03-19 11:42:10,10.0.0.41,10.0.0.5,TCP,N/A,8076,2373,Blocked,High
2025-03-19 11:41:40,10.0.0.47,203.0.113.99,TCP,3389,6664,13652,Blocked,Low
2025-03-19 11:41:10,192.168.1.31,203.0.113.99,DNS,8080,2974,12413,Blocked,Medium
2025-03-19 11:40:40,10.0.0.24,10.0.0.5,UDP,N/A,4886,8772,Blocked,Low
2025-03-19 11:40:10,10.0.0.37,172.217.169.46,DNS,N/A,5688,112,Blocked,Low
2025-03-19 11:39:40,10.0.0.49,192.168.1.20,ICMP,443,2805,12620,Blocked,Low
2025-03-19 11:39:10,192.168.1.46,8.8.8.8,DNS,N/A,7290,14024,Blocked,Low
2025-03-19 11:38:40,10.0.0.22,172.217.169.46,FTP,22,8286,2289,Blocked,Medium
2025-03-19 11:38:10,192.168.1.35,192.168.1.20,FTP,22,8284,12374,Allowed,Medium
2025-03-19 11:37:40,192.168.1.5,8.8.8.8,HTTP,53,8048,12303,Blocked,Medium
2025-03-19 11:37:10,10.0.0.46,10.0.0.5,HTTP,53,9002,8987,Blocked,High
2025-03-19 11:36:40,10.0.0.28,192.168.1.20,HTTP,3389,9799,5841,Allowed,Low
2025-03-19 11:36:10,192.168.1.22,192.168.1.20,FTP,22,7662,12329,Blocked,Low
2025-03-19 11:35:40,10.0.0.20,172.217.169.46,ICMP,3389,9508,6983,Blocked,Low
2025-03-19 11:35:10,10.0.0.8,10.0.0.5,HTTP,22,1149,12749,Blocked,Medium
2025-03-19 11:34:40,192.168.1.32,192.168.1.20,HTTP,22,132,5386,Allowed,Low
2025-03-19 11:34:10,192.168.1.42,203.0.113.99,HTTP,3389,116,9057,Blocked,Low
2025-03-19 11:33:40,192.168.1.38,8.8.8.8,FTP,22,1684,6492,Allowed,Low
2025-03-19 11:33:10,10.0.0.4,203.0.113.99,ICMP,22,4818,745,Allowed,Low
2025-03-19 11:32:40,192.168.1.22,203.0.113.99,ICMP,53,7720,6063,Blocked,High
2025-03-19 11:32:10,10.0.0.35,192.168.1.20,TCP,8080,6315,7172,Blocked,Low
2025-03-19 11:31:40,10.0.0.49,203.0.113.99,TCP,53,7014,13402,Allowed,Low
2025-03-19 11:31:10,10.0.0.27,172.217.169.46,HTTP,N/A,4146,11554,Allowed,Low
2025-03-19 11:30:40,192.168.1.19,10.0.0.5,UDP,22,8313,2706,Allowed,Medium
2025-03-19 11:30:10,10.0.0.3,10.0.0.5,DNS,N/A,4167,3765,Allowed,Medium
2025-03-19 11:29:40,10.0.0.22,192.168.1.20,FTP,21,317,10016,Blocked,Low
2025-03-19 11:29:10,192.168.1.41,192.168.1.20,UDP,3389,4979,4498,Blocked,Medium
2025-03-19 11:28:40,192.168.1.40,192.168.1.20,FTP,N/A,7157,14249,Blocked,Low
2025-03-19 11:28:10,192.168.1.44,10.0.0.5,UDP,53,125,7123,Blocked,Low
2025-03-19 11:27:40,192.168.1.8,10.0.0.5,TCP,8080,5530,506,Allowed,Low
2025-03-19 11:27:10,10.0.0.23,203.0.113.99,ICMP,80,7521,13043,Blocked,Low
2025-03-19 11:26:40,10.0.0.31,8.8.8.8,UDP,3389,9662,14003,Allowed,Low
2025-03-19 11:26:10,192.168.1.42,8.8.8.8,TCP,22,998,12992,Allowed,Low
2025-03-19 11:25:40,10.0.0.36,10.0.0.5,HTTP,443,5318,6058,Allowed,Low
2025-03-19 11:25:10,10.0.0.32,8.8.8.8,UDP,80,3947,869,Allowed,Medium
2025-03-19 11:24:40,192.168.1.37,172.217.169.46,DNS,3389,4034,6164,Allowed,Low
2025-03-19 11:24:10,10.0.0.13,10.0.0.5,UDP,3389,3006,5053,Blocked,Low
2025-03-19 11:23:40,192.168.1.8,192.168.1.20,TCP,8080,9020,2658,Allowed,Medium
2025-03-19 11:23:10,192.168.1.39,10.0.0.5,ICMP,53,9466,8139,Allowed,Medium
2025-03-19 11:22:40,192.168.1.5,172.217.169.46,UDP,443,5636,3584,Allowed,Low
2025-03-19 11:22:10,10.0.0.19,172.217.169.46,HTTP,22,791,6470,Blocked,Medium
2025-03-19 11:21:40,192.168.1.22,10.0.0.5,TCP,80,5625,3877,Allowed,Medium
2025-03-19 11:21:10,10.0.0.44,172.217.169.46,HTTP,N/A,1187,2151,Blocked,High
2025-03-19 11:20:40,192.168.1.11,8.8.8.8,UDP,21,6822,14365,Allowed,Low
2025-03-19 11:20:10,192.168.1.31,172.217.169.46,ICMP,80,3837,14296,Blocked,Low
2025-03-19 11:19:40,10.0.0.17,203.0.113.99,TCP,3389,5085,10014,Blocked,Critical
2025-03-19 11:19:10,192.168.1.27,10.0.0.5,TCP,21,8332,7474,Blocked,Medium
2025-03-19 11:18:40,10.0.0.34,192.168.1.20,DNS,22,710,1315,Allowed,Medium
2025-03-19 11:18:10,192.168.1.23,8.8.8.8,FTP,21,7190,10232,Blocked,Critical
2025-03-19 11:17:40,10.0.0.48,8.8.8.8,TCP,22,5811,7863,Allowed,Low
2025-03-19 11:17:10,192.168.1.15,203.0.113.99,TCP,3389,6952,6881,Blocked,Medium
2025-03-19 11:16:40,192.168.1.37,203.0.113.99,DNS,3389,6800,14867,Blocked,Low
2025-03-19 11:16:10,10.0.0.10,172.217.169.46,ICMP,N/A,5689,5589,Blocked,Low
2025-03-19 11:15:40,10.0.0.28,8.8.8.8,UDP,53,8794,13238,Blocked,Low
2025-03-19 11:15:10,10.0.0.44,192.168.1.20,ICMP,8080,6654,13621,Allowed,Low
2025-03-19 11:14:40,10.0.0.30,192.168.1.20,TCP,22,2702,4498,Allowed,Critical
2025-03-19 11:14:10,192.168.1.20,10.0.0.5,FTP,3389,118,1305,Blocked,Medium
2025-03-19 11:13:40,10.0.0.20,8.8.8.8,UDP,8080,5775,7378,Blocked,Medium
2025-03-19 11:13:10,192.168.1.29,203.0.113.99,DNS,21,861,1395,Blocked,Medium
2025-03-19 11:12:40,192.168.1.42,192.168.1.20,UDP,3389,4345,14374,Blocked,Low
2025-03-19 11:12:10,192.168.1.42,10.0.0.5,DNS,80,5084,9093,Allowed,Medium
2025-03-19 11:11:40,192.168.1.50,192.168.1.20,DNS,443,1852,10221,Blocked,Low
2025-03-19 11:11:10,10.0.0.23,203.0.113.99,FTP,3389,7792,198,Allowed,Medium
2025-03-19 11:10:40,10.0.0.36,8.8.8.8,FTP,8080,9230,4046,Allowed,High
2025-03-19 11:10:10,192.168.1.5,8.8.8.8,HTTP,22,4173,14561,Allowed,Low
2025-03-19 11:09:40,192.168.1.48,172.217.169.46,ICMP,22,8981,6696,Blocked,Low
2025-03-19 11:09:10,10.0.0.17,192.168.1.20,UDP,22,4752,8081,Allowed,Low
2025-03-19 11:08:40,192.168.1.24,10.0.0.5,FTP,22,4275,7405,Blocked,Low
2025-03-19 11:08:10,10.0.0.3,172.217.169.46,DNS,N/A,2606,11416,Blocked,Critical
2025-03-19 11:07:40,192.168.1.26,192.168.1.20,UDP,53,1866,1884,Allowed,Low
2025-03-19 11:07:10,192.168.1.14,192.168.1.20,ICMP,443,8559,4147,Allowed,Low
2025-03-19 11:06:40,192.168.1.20,203.0.113.99,FTP,22,5197,6832,Allowed,Low
2025-03-19 11:06:10,10.0.0.46,192.168.1.20,ICMP,3389,3234,9439,Blocked,Low
2025-03-19 11:05:40,192.168.1.23,172.217.169.46,ICMP,8080,9034,6683,Blocked,Low
2025-03-19 11:05:10,10.0.0.17,172.217.169.46,HTTP,53,1415,1775,Blocked,Low
2025-03-19 11:04:40,192.168.1.39,192.168.1.20,FTP,53,7385,2159,Allowed,Low
2025-03-19 11:04:10,10.0.0.10,8.8.8.8,DNS,443,4502,1377,Allowed,Low
2025-03-19 11:03:40,192.168.1.5,172.217.169.46,DNS,53,3610,8280,Allowed,Low
2025-03-19 11:03:10,192.168.1.46,203.0.113.99,UDP,443,6169,13325,Allowed,Medium
2025-03-19 11:02:40,192.168.1.36,8.8.8.8,UDP,21,6689,13135,Allowed,Low
2025-03-19 11:02:10,10.0.0.1,10.0.0.5,DNS,3389,5621,7782,Allowed,Medium
2025-03-19 11:01:40,192.168.1.22,8.8.8.8,FTP,3389,8048,5183,Allowed,Medium
2025-03-19 11:01:10,10.0.0.18,172.217.169.46,FTP,N/A,2407,11420,Blocked,High
2025-03-19 11:00:40,192.168.1.1,8.8.8.8,ICMP,22,5543,851,Blocked,Medium
2025-03-19 11:00:10,10.0.0.27,192.168.1.20,ICMP,443,7848,2850,Allowed,Medium
2025-03-19 10:59:40,192.168.1.46,8.8.8.8,FTP,80,2153,6431,Blocked,Medium
2025-03-19 10:59:10,192.168.1.38,172.217.169.46,DNS,53,8599,13522,Allowed,Low
2025-03-19 10:58:40,192.168.1.48,203.0.113.99,DNS,53,7644,5920,Allowed,Critical
2025-03-19 10:58:10,10.0.0.48,172.217.169.46,HTTP,443,9491,7402,Blocked,Low
2025-03-19 10:57:40,192.168.1.26,10.0.0.5,ICMP,80,9681,4996,Blocked,Low
2025-03-19 10:57:10,192.168.1.42,8.8.8.8,DNS,80,8809,3558,Allowed,Low
2025-03-19 10:56:40,10.0.0.41,10.0.0.5,HTTP,53,2807,3572,Allowed,Low
2025-03-19 10:56:10,10.0.0.31,203.0.113.99,ICMP,22,9167,8793,Allowed,Critical
2025-03-19 10:55:40,10.0.0.9,10.0.0.5,UDP,443,2165,4652,Blocked,Critical
2025-03-19 10:55:10,192.168.1.19,172.217.169.46,UDP,53,6651,9669,Blocked,Medium
2025-03-19 10:54:40,192.168.1.10,8.8.8.8,FTP,80,6215,9073,Blocked,Low
2025-03-19 10:54:10,192.168.1.24,172.217.169.46,TCP,8080,4670,6068,Blocked,Medium
2025-03-19 10:53:40,192.168.1.20,192.168.1.20,ICMP,53,2276,10994,Allowed,Medium
2025-03-19 10:53:10,10.0.0.34,8.8.8.8,DNS,8080,1102,4529,Allowed,High
2025-03-19 10:52:40,192.168.1.39,203.0.113.99,UDP,22,3310,9498,Allowed,Low
2025-03-19 10:52:10,192.168.1.34,10.0.0.5,FTP,80,4414,9980,Blocked,High
2025-03-19 10:51:40,10.0.0.20,203.0.113.99,HTTP,21,127,9697,Blocked,High
2025-03-19 10:51:10,192.168.1.48,8.8.8.8,ICMP,22,4045,5301,Allowed,Low
2025-03-19 10:50:40,192.168.1.36,8.8.8.8,UDP,22,7382,11979,Allowed,Low
2025-03-19 10:50:10,192.168.1.30,203.0.113.99,ICMP,443,7865,4928,Blocked,Low
2025-03-19 10:49:40,10.0.0.13,172.217.169.46,DNS,N/A,4391,7433,Allowed,Low
2025-03-19 10:49:10,10.0.0.35,10.0.0.5,ICMP,21,677,5778,Allowed,Medium
2025-03-19 10:48:40,192.168.1.1,10.0.0.5,DNS,8080,9203,2832,Allowed,Medium
2025-03-19 10:48:10,192.168.1.2,8.8.8.8,FTP,22,6737,7141,Blocked,Low
2025-03-19 10:47:40,10.0.0.27,172.217.169.46,DNS,3389,1510,4458,Blocked,Low
2025-03-19 10:47:10,192.168.1.48,10.0.0.5,UDP,3389,7126,13285,Allowed,Medium
2025-03-19 10:46:40,10.0.0.43,192.168.1.20,DNS,53,6129,8617,Allowed,Medium
2025-03-19 10:46:10,10.0.0.47,203.0.113.99,DNS,22,8596,13632,Allowed,Low
2025-03-19 10:45:40,10.0.0.7,203.0.113.99,FTP,N/A,3716,918,Allowed,Low
2025-03-19 10:45:10,10.0.0.42,203.0.113.99,ICMP,80,839,9868,Allowed,Low
2025-03-19 10:44:40,192.168.1.41,10.0.0.5,TCP,3389,9292,4437,Allowed,High
2025-03-19 10:44:10,10.0.0.27,8.8.8.8,DNS,21,7563,1619,Blocked,Low
2025-03-19 10:43:40,10.0.0.2,10.0.0.5,TCP,3389,4003,10469,Allowed,Medium
2025-03-19 10:43:10,10.0.0.31,10.0.0.5,UDP,N/A,5629,7640,Allowed,Low
2025-03-19 10:42:40,192.168.1.30,172.217.169.46,ICMP,3389,6938,8172,Blocked,Low
2025-03-19 10:42:10,192.168.1.23,192.168.1.20,ICMP,53,840,14420,Blocked,Low
2025-03-19 10:41:40,192.168.1.37,10.0.0.5,UDP,8080,4093,9076,Blocked,Low
2025-03-19 10:41:10,10.0.0.11,172.217.169.46,FTP,8080,3616,3981,Allowed,High
2025-03-19 10:40:40,10.0.0.13,192.168.1.20,DNS,8080,5113,6252,Blocked,Medium
2025-03-19 10:40:10,192.168.1.46,172.217.169.46,UDP,3389,2125,7495,Allowed,Low
2025-03-19 10:39:40,192.168.1.43,8.8.8.8,HTTP,22,8050,9849,Blocked,Low
2025-03-19 10:39:10,192.168.1.48,192.168.1.20,FTP,22,6865,12195,Blocked,Medium
2025-03-19 10:38:40,10.0.0.44,203.0.113.99,FTP,443,3573,283,Blocked,High
2025-03-19 10:38:10,192.168.1.50,8.8.8.8,ICMP,8080,5302,11599,Allowed,Low
2025-03-19 10:37:40,192.168.1.22,8.8.8.8,DNS,8080,7602,8911,Blocked,Medium
2025-03-19 10:37:10,10.0.0.9,192.168.1.20,UDP,443,9503,10064,Blocked,High
2025-03-19 10:36:40,192.168.1.33,172.217.169.46,DNS,22,9115,6459,Allowed,Medium
2025-03-19 10:36:10,10.0.0.50,10.0.0.5,UDP,3389,919,6135,Allowed,High
2025-03-19 10:35:40,192.168.1.50,8.8.8.8,DNS,21,2094,1975,Allowed,Low
2025-03-19 10:35:10,192.168.1.15,10.0.0.5,ICMP,3389,9635,7092,Allowed,Medium
2025-03-19 10:34:40,10.0.0.38,8.8.8.8,UDP,22,5610,3325,Allowed,Medium
2025-03-19 10:34:10,192.168.1.6,192.168.1.20,ICMP,443,6251,11664,Allowed,Low
2025-03-19 10:33:40,10.0.0.12,10.0.0.5,HTTP,8080,5936,12041,Allowed,Low
2025-03-19 10:33:10,10.0.0.15,172.217.169.46,TCP,443,7700,1260,Blocked,Low
2025-03-19 10:32:40,10.0.0.48,8.8.8.8,HTTP,443,5031,8108,Blocked,Medium
2025-03-19 10:32:10,10.0.0.44,203.0.113.99,TCP,21,7437,5413,Blocked,High
2025-03-19 10:31:40,192.168.1.27,203.0.113.99,TCP,22,8658,1999,Blocked,Medium
2025-03-19 10:31:10,192.168.1.39,203.0.113.99,ICMP,21,4383,2071,Blocked,Low
2025-03-19 10:30:40,192.168.1.10,172.217.169.46,ICMP,N/A,4952,6495,Allowed,Low
2025-03-19 10:30:10,10.0.0.8,8.8.8.8,UDP,80,4916,2836,Allowed,Low
2025-03-19 10:29:40,10.0.0.18,172.217.169.46,TCP,80,2943,9510,Blocked,Low
2025-03-19 10:29:10,10.0.0.13,192.168.1.20,FTP,53,5580,12190,Blocked,High
2025-03-19 10:28:40,192.168.1.10,10.0.0.5,HTTP,80,122,8317,Blocked,Low
2025-03-19 10:28:10,192.168.1.2,8.8.8.8,DNS,8080,9749,2699,Blocked,High
2025-03-19 10:27:40,192.168.1.23,192.168.1.20,ICMP,80,4672,12900,Blocked,Low
2025-03-19 10:27:10,192.168.1.34,10.0.0.5,TCP,443,5856,5475,Allowed,Low
2025-03-19 10:26:40,192.168.1.21,203.0.113.99,TCP,3389,603,13139,Allowed,Low
2025-03-19 10:26:10,192.168.1.1,203.0.113.99,TCP,22,8858,8390,Blocked,Low
2025-03-19 10:25:40,192.168.1.8,10.0.0.5,ICMP,443,6902,3589,Allowed,Low
2025-03-19 10:25:10,192.168.1.16,172.217.169.46,HTTP,53,7289,5213,Blocked,Low
2025-03-19 10:24:40,192.168.1.14,172.217.169.46,FTP,53,1483,12435,Allowed,Low
2025-03-19 10:24:10,192.168.1.50,10.0.0.5,ICMP,21,4589,4304,Allowed,High
2025-03-19 10:23:40,192.168.1.47,192.168.1.20,HTTP,80,8939,2122,Allowed,Low
2025-03-19 10:23:10,10.0.0.9,8.8.8.8,FTP,21,7451,870,Allowed,High
2025-03-19 10:22:40,192.168.1.5,172.217.169.46,FTP,22,4134,14731,Blocked,Medium
2025-03-19 10:22:10,10.0.0.28,203.0.113.99,TCP,53,1188,8850,Allowed,Medium
2025-03-19 10:21:40,192.168.1.15,10.0.0.5,UDP,8080,9884,12135,Blocked,Medium
2025-03-19 10:21:10,192.168.1.42,192.168.1.20,DNS,53,1661,7449,Blocked,High
2025-03-19 10:20:40,192.168.1.40,203.0.113.99,FTP,22,233,2511,Blocked,High
2025-03-19 10:20:10,192.168.1.12,10.0.0.5,TCP,3389,3527,5094,Blocked,Low
2025-03-19 10:19:40,192.168.1.49,10.0.0.5,HTTP,21,4742,1771,Blocked,Low
2025-03-19 10:19:10,192.168.1.42,10.0.0.5,DNS,53,7938,6128,Allowed,Low
2025-03-19 10:18:40,10.0.0.50,172.217.169.46,UDP,443,4529,2011,Allowed,Low
2025-03-19 10:18:10,192.168.1.2,8.8.8.8,DNS,3389,8093,2091,Blocked,Low
2025-03-19 10:17:40,192.168.1.41,8.8.8.8,FTP,22,7168,9417,Allowed,Low
2025-03-19 10:17:10,192.168.1.21,203.0.113.99,FTP,3389,4009,6279,Allowed,Critical
2025-03-19 10:16:40,10.0.0.25,192.168.1.20,DNS,80,1130,9549,Allowed,Critical
2025-03-19 10:16:10,192.168.1.5,192.168.1.20,HTTP,443,1382,8490,Allowed,Low
2025-03-19 10:15:40,10.0.0.13,192.168.1.20,DNS,8080,5915,13967,Allowed,Medium
2025-03-19 10:15:10,192.168.1.39,203.0.113.99,DNS,53,5090,12155,Blocked,Low
2025-03-19 10:14:40,10.0.0.10,203.0.113.99,ICMP,22,2050,5563,Blocked,Low
2025-03-19 10:14:10,192.168.1.15,8.8.8.8,FTP,53,5090,4211,Allowed,Low
2025-03-19 10:13:40,192.168.1.46,203.0.113.99,HTTP,443,3942,10982,Blocked,Low
2025-03-19 10:13:10,10.0.0.47,172.217.169.46,HTTP,443,8575,829,Blocked,Low
2025-03-19 10:12:40,10.0.0.4,10.0.0.5,HTTP,21,4754,14250,Allowed,Medium
2025-03-19 10:12:10,10.0.0.44,172.217.169.46,UDP,21,7478,496,Allowed,Medium
2025-03-19 10:11:40,192.168.1.18,192.168.1.20,DNS,443,1225,3533,Allowed,Low
2025-03-19 10:11:10,10.0.0.14,8.8.8.8,FTP,53,7286,11039,Blocked,Low
2025-03-19 10:10:40,10.0.0.4,192.168.1.20,HTTP,53,6441,1179,Blocked,Low
2025-03-19 10:10:10,192.168.1.3,8.8.8.8,ICMP,53,3913,610,Allowed,Medium
2025-03-19 10:09:40,10.0.0.13,172.217.169.46,HTTP,22,9327,8999,Allowed,Medium
2025-03-19 10:09:10,192.168.1.2,192.168.1.20,DNS,443,5001,11960,Allowed,Low
2025-03-19 10:08:40,192.168.1.32,192.168.1.20,UDP,21,1996,9149,Allowed,Low
2025-03-19 10:08:10,192.168.1.40,10.0.0.5,DNS,443,9139,391,Allowed,Low
2025-03-19 10:07:40,192.168.1.39,8.8.8.8,ICMP,3389,8748,9178,Blocked,Medium
2025-03-19 10:07:10,10.0.0.28,172.217.169.46,TCP,8080,7068,9448,Allowed,Low
2025-03-19 10:06:40,192.168.1.45,10.0.0.5,TCP,443,3451,11752,Allowed,Medium
2025-03-19 10:06:10,10.0.0.15,8.8.8.8,UDP,N/A,9930,3378,Allowed,High
2025-03-19 10:05:40,10.0.0.49,172.217.169.46,UDP,443,7927,10700,Blocked,Low
2025-03-19 10:05:10,192.168.1.48,8.8.8.8,DNS,53,2392,3831,Allowed,Low
2025-03-19 10:04:40,192.168.1.17,203.0.113.99,HTTP,3389,2286,11343,Blocked,High
2025-03-19 10:04:10,192.168.1.48,10.0.0.5,UDP,80,9714,9123,Allowed,Low
2025-03-19 10:03:40,192.168.1.44,10.0.0.5,DNS,22,9156,1328,Blocked,High
2025-03-19 10:03:10,192.168.1.17,192.168.1.20,ICMP,443,2891,2136,Allowed,Low
2025-03-19 10:02:40,10.0.0.50,8.8.8.8,ICMP,N/A,1526,2622,Allowed,Critical
2025-03-19 10:02:10,10.0.0.28,203.0.113.99,ICMP,80,1431,12683,Blocked,Low
2025-03-19 10:01:40,192.168.1.18,192.168.1.20,DNS,N/A,6115,6345,Blocked,Low
2025-03-19 10:01:10,10.0.0.18,8.8.8.8,TCP,3389,7758,6154,Allowed,Low
2025-03-19 10:00:40,192.168.1.45,10.0.0.5,DNS,8080,9226,976,Blocked,Low
2025-03-19 10:00:10,10.0.0.26,172.217.169.46,DNS,443,5315,6749,Allowed,Critical
2025-03-19 09:59:40,10.0.0.44,192.168.1.20,DNS,80,7439,11611,Allowed,Critical
2025-03-19 09:59:10,10.0.0.11,192.168.1.20,TCP,80,5108,14329,Blocked,Low
2025-03-19 09:58:40,192.168.1.46,8.8.8.8,DNS,21,6363,10512,Blocked,Low
2025-03-19 09:58:10,192.168.1.49,192.168.1.20,UDP,8080,7069,4906,Blocked,High
2025-03-19 09:57:40,192.168.1.24,203.0.113.99,FTP,443,8893,8732,Allowed,Medium
2025-03-19 09:57:10,10.0.0.19,172.217.169.46,HTTP,N/A,9539,4248,Allowed,Low
2025-03-19 09:56:40,10.0.0.4,192.168.1.20,HTTP,N/A,4802,12575,Allowed,Low
2025-03-19 09:56:10,192.168.1.19,192.168.1.20,ICMP,443,9550,10808,Allowed,Medium
2025-03-19 09:55:40,192.168.1.39,8.8.8.8,DNS,8080,1755,4454,Blocked,Low
2025-03-19 09:55:10,10.0.0.35,8.8.8.8,ICMP,8080,494,5416,Blocked,High
2025-03-19 09:54:40,10.0.0.12,10.0.0.5,HTTP,443,8820,5016,Allowed,Low
2025-03-19 09:54:10,192.168.1.48,8.8.8.8,DNS,22,2997,11631,Allowed,Low
2025-03-19 09:53:40,10.0.0.4,203.0.113.99,UDP,8080,1948,5918,Blocked,Medium
2025-03-19 09:53:10,10.0.0.45,172.217.169.46,ICMP,8080,182,1604,Blocked,Low
2025-03-19 09:52:40,192.168.1.43,203.0.113.99,ICMP,80,9132,4513,Allowed,Low
2025-03-19 09:52:10,10.0.0.44,172.217.169.46,UDP,22,5163,1759,Blocked,Low
2025-03-19 09:51:40,192.168.1.7,172.217.169.46,TCP,21,4247,8283,Blocked,Low
2025-03-19 09:51:10,192.168.1.9,172.217.169.46,HTTP,21,1665,8748,Allowed,High
2025-03-19 09:50:40,192.168.1.48,192.168.1.20,TCP,8080,2865,1273,Blocked,Low
2025-03-19 09:50:10,10.0.0.29,8.8.8.8,DNS,3389,6866,824,Blocked,Low
2025-03-19 09:49:40,192.168.1.15,10.0.0.5,FTP,80,2162,537,Allowed,Low
2025-03-19 09:49:10,192.168.1.5,10.0.0.5,DNS,443,6936,6530,Allowed,Medium
2025-03-19 09:48:40,192.168.1.13,192.168.1.20,FTP,8080,2300,5626,Blocked,Medium
2025-03-19 09:48:10,192.168.1.15,192.168.1.20,ICMP,80,7150,9992,Allowed,Low
2025-03-19 09:47:40,192.168.1.36,10.0.0.5,ICMP,80,2546,2396,Allowed,Low
2025-03-19 09:47:10,10.0.0.29,8.8.8.8,TCP,22,8630,14331,Allowed,Medium
2025-03-19 09:46:40,192.168.1.5,10.0.0.5,HTTP,N/A,5702,11641,Allowed,Medium
2025-03-19 09:46:10,10.0.0.29,10.0.0.5,HTTP,N/A,9954,1599,Blocked,Low
2025-03-19 09:45:40,10.0.0.44,192.168.1.20,FTP,8080,3917,14145,Blocked,Critical
2025-03-19 09:45:10,192.168.1.6,172.217.169.46,TCP,N/A,6050,4488,Allowed,Low
2025-03-19 09:44:40,10.0.0.34,192.168.1.20,DNS,N/A,6282,8785,Blocked,Low
2025-03-19 09:44:10,192.168.1.8,10.0.0.5,ICMP,N/A,1263,1749,Blocked,High
2025-03-19 09:43:40,192.168.1.2,192.168.1.20,ICMP,8080,440,490,Blocked,Low
2025-03-19 09:43:10,10.0.0.31,8.8.8.8,UDP,53,2747,9699,Blocked,Low
2025-03-19 09:42:40,10.0.0.13,10.0.0.5,ICMP,80,2349,2395,Blocked,Low
2025-03-19 09:42:10,10.0.0.48,203.0.113.99,ICMP,8080,2484,12900,Blocked,Medium
2025-03-19 09:41:40,192.168.1.2,203.0.113.99,TCP,22,2407,7355,Allowed,Low
2025-03-19 09:41:10,192.168.1.48,192.168.1.20,FTP,443,7165,14737,Blocked,Medium
2025-03-19 09:40:40,192.168.1.33,8.8.8.8,TCP,22,715,5099,Blocked,Low
2025-03-19 09:40:10,10.0.0.32,10.0.0.5,FTP,443,6821,12502,Allowed,Low
2025-03-19 09:39:40,10.0.0.8,203.0.113.99,FTP,8080,3824,7703,Allowed,Low
2025-03-19 09:39:10,192.168.1.39,8.8.8.8,DNS,N/A,4581,3899,Blocked,Low
2025-03-19 09:38:40,192.168.1.5,172.217.169.46,DNS,21,3100,5542,Allowed,Low
2025-03-19 09:38:10,10.0.0.30,10.0.0.5,TCP,443,8856,9147,Allowed,Low
2025-03-19 09:37:40,10.0.0.34,192.168.1.20,HTTP,53,1782,4748,Blocked,Low
2025-03-19 09:37:10,10.0.0.50,203.0.113.99,TCP,N/A,1051,5838,Allowed,Low
2025-03-19 09:36:40,192.168.1.45,203.0.113.99,FTP,3389,1896,7545,Allowed,Low
2025-03-19 09:36:10,10.0.0.11,8.8.8.8,ICMP,443,1031,8818,Blocked,Low
2025-03-19 09:35:40,10.0.0.34,203.0.113.99,FTP,53,6456,13819,Blocked,Medium
2025-03-19 09:35:10,192.168.1.27,203.0.113.99,TCP,53,198,11808,Blocked,Low
2025-03-19 09:34:40,192.168.1.20,8.8.8.8,HTTP,21,3777,10530,Allowed,Low
2025-03-19 09:34:10,192.168.1.49,203.0.113.99,HTTP,3389,1735,1488,Blocked,High
2025-03-19 09:33:40,192.168.1.3,10.0.0.5,FTP,8080,1746,9639,Blocked,Low
2025-03-19 09:33:10,192.168.1.28,172.217.169.46,DNS,N/A,5483,2397,Blocked,Medium
2025-03-19 09:32:40,10.0.0.14,10.0.0.5,DNS,443,5701,4099,Blocked,Medium
2025-03-19 09:32:10,192.168.1.39,172.217.169.46,UDP,21,3931,8516,Allowed,Low
2025-03-19 09:31:40,10.0.0.24,172.217.169.46,UDP,3389,9610,2553,Blocked,Medium
2025-03-19 09:31:10,10.0.0.29,10.0.0.5,TCP,80,6693,9663,Allowed,Critical
2025-03-19 09:30:40,10.0.0.44,192.168.1.20,ICMP,21,394,11171,Allowed,Low
2025-03-19 09:30:10,10.0.0.3,172.217.169.46,FTP,N/A,3256,14488,Allowed,Low
2025-03-19 09:29:40,10.0.0.26,203.0.113.99,UDP,80,7830,2984,Blocked,Critical
2025-03-19 09:29:10,192.168.1.7,8.8.8.8,DNS,53,2303,10513,Blocked,Low
2025-03-19 09:28:40,192.168.1.5,8.8.8.8,UDP,3389,5488,593,Blocked,Low
2025-03-19 09:28:10,192.168.1.29,10.0.0.5,ICMP,21,3776,13825,Allowed,Medium
2025-03-19 09:27:40,10.0.0.41,10.0.0.5,HTTP,443,6870,7655,Blocked,Medium
2025-03-19 09:27:10,10.0.0.21,172.217.169.46,ICMP,N/A,6156,10801,Blocked,Medium
2025-03-19 09:26:40,10.0.0.43,192.168.1.20,TCP,53,6795,4498,Blocked,Low
2025-03-19 09:26:10,192.168.1.35,192.168.1.20,TCP,443,795,13211,Blocked,Medium
2025-03-19 09:25:40,192.168.1.19,10.0.0.5,ICMP,N/A,251,1551,Blocked,Medium
2025-03-19 09:25:10,192.168.1.9,10.0.0.5,DNS,22,804,7930,Blocked,Low
2025-03-19 09:24:40,10.0.0.7,10.0.0.5,UDP,53,6518,7529,Allowed,Low
2025-03-19 09:24:10,192.168.1.2,10.0.0.5,FTP,21,8473,2825,Blocked,Low
2025-03-19 09:23:40,192.168.1.50,192.168.1.20,UDP,8080,3902,6738,Allowed,Low
2025-03-19 09:23:10,10.0.0.50,203.0.113.99,UDP,8080,1341,11917,Blocked,High
2025-03-19 09:22:40,10.0.0.23,203.0.113.99,ICMP,22,4568,3020,Allowed,Low
2025-03-19 09:22:10,192.168.1.44,10.0.0.5,FTP,N/A,5443,7750,Allowed,Medium
2025-03-19 09:21:40,192.168.1.6,8.8.8.8,UDP,53,4834,10762,Allowed,Low
2025-03-19 09:21:10,10.0.0.32,10.0.0.5,TCP,22,3008,11702,Allowed,Low
2025-03-19 09:20:40,192.168.1.23,192.168.1.20,ICMP,21,3237,4972,Allowed,Critical
2025-03-19 09:20:10,192.168.1.39,203.0.113.99,UDP,443,4260,14646,Allowed,Low
2025-03-19 09:19:40,10.0.0.27,192.168.1.20,TCP,21,4300,7347,Blocked,Low
2025-03-19 09:19:10,192.168.1.45,8.8.8.8,DNS,N/A,1218,902,Allowed,Medium
2025-03-19 09:18:40,192.168.1.44,8.8.8.8,FTP,53,480,10296,Blocked,Low
2025-03-19 09:18:10,10.0.0.28,203.0.113.99,ICMP,3389,8784,14827,Blocked,Low
2025-03-19 09:17:40,10.0.0.27,172.217.169.46,ICMP,21,6032,5071,Blocked,Low
2025-03-19 09:17:10,192.168.1.37,203.0.113.99,ICMP,80,5890,13412,Allowed,Medium
2025-03-19 09:16:40,10.0.0.20,172.217.169.46,UDP,53,9480,13119,Blocked,Low
2025-03-19 09:16:10,192.168.1.47,8.8.8.8,DNS,80,2195,1533,Allowed,Critical
2025-03-19 09:15:40,10.0.0.6,172.217.169.46,FTP,80,7210,7346,Blocked,Low
2025-03-19 09:15:10,10.0.0.49,203.0.113.99,UDP,80,4207,11239,Blocked,Low
2025-03-19 09:14:40,192.168.1.25,8.8.8.8,ICMP,N/A,6172,3898,Blocked,Low
2025-03-19 09:14:10,10.0.0.20,172.217.169.46,ICMP,53,2247,3773,Blocked,Low
2025-03-19 09:13:40,10.0.0.25,10.0.0.5,UDP,21,9837,9837,Blocked,Medium
2025-03-19 09:13:10,10.0.0.16,172.217.169.46,DNS,8080,7214,10262,Blocked,Critical
2025-03-19 09:12:40,192.168.1.47,203.0.113.99,ICMP,N/A,9430,6444,Allowed,Low
2025-03-19 09:12:10,10.0.0.35,172.217.169.46,HTTP,3389,8244,6064,Blocked,Medium
2025-03-19 09:11:40,192.168.1.1,10.0.0.5,TCP,8080,4040,2767,Allowed,Low
2025-03-19 09:11:10,192.168.1.13,203.0.113.99,ICMP,3389,3815,11002,Allowed,Critical
2025-03-19 09:10:40,192.168.1.37,203.0.113.99,HTTP,22,7840,1688,Blocked,Low
2025-03-19 09:10:10,10.0.0.22,10.0.0.5,FTP,8080,5842,6521,Blocked,Low
2025-03-19 09:09:40,192.168.1.18,192.168.1.20,ICMP,21,3818,10692,Blocked,Low
2025-03-19 09:09:10,10.0.0.41,192.168.1.20,FTP,443,8638,1259,Allowed,Medium
2025-03-19 09:08:40,192.168.1.2,8.8.8.8,HTTP,443,1267,1457,Allowed,Low
2025-03-19 09:08:10,192.168.1.40,172.217.169.46,FTP,8080,9331,12773,Blocked,Low
2025-03-19 09:07:40,192.168.1.25,10.0.0.5,DNS,80,920,8875,Blocked,Low
2025-03-19 09:07:10,10.0.0.39,192.168.1.20,ICMP,3389,6346,9649,Blocked,Critical
2025-03-19 09:06:40,10.0.0.42,10.0.0.5,DNS,8080,6294,3111,Blocked,Low
2025-03-19 09:06:10,192.168.1.7,8.8.8.8,HTTP,53,276,13250,Blocked,Low
2025-03-19 09:05:40,192.168.1.24,8.8.8.8,ICMP,3389,6426,4342,Allowed,Low
2025-03-19 09:05:10,192.168.1.3,203.0.113.99,TCP,443,3783,4768,Blocked,High
2025-03-19 09:04:40,192.168.1.45,10.0.0.5,TCP,22,4188,12957,Allowed,High
2025-03-19 09:04:10,192.168.1.29,203.0.113.99,UDP,N/A,6543,8943,Blocked,Low
2025-03-19 09:03:40,10.0.0.12,10.0.0.5,DNS,443,8805,3493,Allowed,Low
2025-03-19 09:03:10,10.0.0.42,10.0.0.5,TCP,N/A,5843,10632,Allowed,Low
2025-03-19 09:02:40,192.168.1.21,192.168.1.20,TCP,N/A,7573,7934,Blocked,Medium
2025-03-19 09:02:10,192.168.1.1,192.168.1.20,DNS,22,5846,2851,Blocked,Low
2025-03-19 09:01:40,192.168.1.1,8.8.8.8,ICMP,3389,5767,5777,Allowed,Medium
2025-03-19 09:01:10,192.168.1.29,192.168.1.20,UDP,3389,3385,7903,Allowed,High
2025-03-19 09:00:40,10.0.0.2,10.0.0.5,TCP,80,7098,9092,Allowed,Low
2025-03-19 09:00:10,192.168.1.21,8.8.8.8,FTP,N/A,4047,4475,Blocked,Medium
2025-03-19 08:59:40,192.168.1.20,10.0.0.5,UDP,3389,8971,13338,Allowed,Medium
2025-03-19 08:59:10,10.0.0.37,172.217.169.46,UDP,8080,5567,12438,Blocked,Medium
2025-03-19 08:58:40,192.168.1.41,192.168.1.20,HTTP,53,5392,11911,Blocked,Low
2025-03-19 08:58:10,192.168.1.40,10.0.0.5,HTTP,N/A,618,8924,Allowed,Low
2025-03-19 08:57:40,192.168.1.18,10.0.0.5,HTTP,80,3428,13660,Allowed,Medium
2025-03-19 08:57:10,10.0.0.20,8.8.8.8,ICMP,53,3497,12472,Blocked,Medium
2025-03-19 08:56:40,10.0.0.50,192.168.1.20,HTTP,80,3797,674,Blocked,Medium
2025-03-19 08:56:10,192.168.1.46,10.0.0.5,DNS,22,9151,8593,Blocked,Low
2025-03-19 08:55:40,10.0.0.17,10.0.0.5,ICMP,53,895,1913,Allowed,High
2025-03-19 08:55:10,192.168.1.50,192.168.1.20,ICMP,8080,7363,7338,Blocked,Low
2025-03-19 08:54:40,10.0.0.5,203.0.113.99,DNS,8080,2818,7676,Allowed,Low
2025-03-19 08:54:10,10.0.0.28,8.8.8.8,HTTP,21,2300,3251,Blocked,Low
2025-03-19 08:53:40,192.168.1.7,10.0.0.5,TCP,22,9116,5178,Blocked,Medium
2025-03-19 08:53:10,192.168.1.8,10.0.0.5,DNS,80,4171,4263,Blocked,High
2025-03-19 08:52:40,192.168.1.13,203.0.113.99,UDP,22,8484,6011,Allowed,Medium
2025-03-19 08:52:10,192.168.1.2,8.8.8.8,DNS,22,2640,12349,Blocked,Low
2025-03-19 08:51:40,10.0.0.18,192.168.1.20,HTTP,22,3128,489,Blocked,Medium
2025-03-19 08:51:10,10.0.0.41,172.217.169.46,ICMP,443,9615,11203,Blocked,Low
2025-03-19 08:50:40,10.0.0.24,203.0.113.99,TCP,3389,6979,3481,Blocked,Critical
2025-03-19 08:50:10,10.0.0.24,203.0.113.99,HTTP,N/A,7774,4738,Allowed,Low
2025-03-19 08:49:40,10.0.0.2,172.217.169.46,ICMP,53,5878,12728,Allowed,Medium
2025-03-19 08:49:10,10.0.0.19,172.217.169.46,HTTP,3389,9932,13466,Allowed,Low
2025-03-19 08:48:40,10.0.0.17,203.0.113.99,FTP,22,7795,14398,Blocked,Low
2025-03-19 08:48:10,192.168.1.7,192.168.1.20,UDP,8080,6310,14130,Allowed,Low
2025-03-19 08:47:40,192.168.1.47,203.0.113.99,DNS,N/A,7369,979,Blocked,Low
2025-03-19 08:47:10,10.0.0.22,172.217.169.46,FTP,22,1390,5013,Blocked,High
2025-03-19 08:46:40,10.0.0.31,8.8.8.8,FTP,8080,4522,883,Allowed,Low
2025-03-19 08:46:10,192.168.1.44,203.0.113.99,DNS,3389,9887,11714,Blocked,Medium
2025-03-19 08:45:40,10.0.0.9,8.8.8.8,FTP,3389,5436,10437,Allowed,Low
2025-03-19 08:45:10,10.0.0.27,10.0.0.5,UDP,80,190,7239,Allowed,Low
2025-03-19 08:44:40,192.168.1.14,8.8.8.8,FTP,53,1037,7215,Allowed,Medium
2025-03-19 08:44:10,192.168.1.45,8.8.8.8,DNS,443,1417,3269,Blocked,Low
2025-03-19 08:43:40,10.0.0.41,203.0.113.99,UDP,443,5751,4021,Blocked,Low
2025-03-19 08:43:10,192.168.1.2,8.8.8.8,FTP,3389,7821,3301,Blocked,High
2025-03-19 08:42:40,192.168.1.18,203.0.113.99,ICMP,80,1471,7444,Allowed,Medium
2025-03-19 08:42:10,192.168.1.23,172.217.169.46,ICMP,53,8937,2238,Blocked,Medium
2025-03-19 08:41:40,192.168.1.6,203.0.113.99,HTTP,N/A,6487,12318,Blocked,Low
2025-03-19 08:41:10,10.0.0.9,8.8.8.8,FTP,N/A,1110,14856,Blocked,Low
2025-03-19 08:40:40,192.168.1.31,10.0.0.5,UDP,3389,8589,2525,Blocked,High
2025-03-19 08:40:10,10.0.0.7,8.8.8.8,TCP,3389,5321,7097,Allowed,Low
2025-03-19 08:39:40,192.168.1.42,172.217.169.46,ICMP,80,2826,8836,Blocked,Low
2025-03-19 08:39:10,10.0.0.12,203.0.113.99,FTP,80,7155,13585,Blocked,Low
2025-03-19 08:38:40,192.168.1.42,203.0.113.99,DNS,53,636,7816,Blocked,High
2025-03-19 08:38:10,10.0.0.21,172.217.169.46,FTP,N/A,2919,4011,Blocked,Low
2025-03-19 08:37:40,192.168.1.38,10.0.0.5,ICMP,3389,3406,10479,Allowed,Medium
2025-03-19 08:37:10,10.0.0.10,203.0.113.99,HTTP,3389,4265,1302,Allowed,Medium
2025-03-19 08:36:40,192.168.1.34,203.0.113.99,ICMP,3389,7781,13349,Blocked,Low
2025-03-19 08:36:10,10.0.0.39,8.8.8.8,FTP,N/A,6862,12008,Blocked,Low
2025-03-19 08:35:40,10.0.0.46,203.0.113.99,UDP,8080,7125,11087,Allowed,Critical
2025-03-19 08:35:10,10.0.0.26,203.0.113.99,FTP,443,8385,7134,Blocked,Medium
2025-03-19 08:34:40,10.0.0.42,8.8.8.8,DNS,21,2289,1627,Allowed,Low
2025-03-19 08:34:10,192.168.1.38,203.0.113.99,TCP,80,4793,635,Allowed,Low
2025-03-19 08:33:40,10.0.0.21,8.8.8.8,FTP,8080,665,10224,Allowed,Low
2025-03-19 08:33:10,10.0.0.26,172.217.169.46,DNS,443,2314,2065,Allowed,Medium
2025-03-19 08:32:40,10.0.0.38,172.217.169.46,ICMP,8080,6388,11519,Allowed,Medium
2025-03-19 08:32:10,10.0.0.35,203.0.113.99,DNS,22,1864,7131,Allowed,High
2025-03-19 08:31:40,192.168.1.41,192.168.1.20,FTP,8080,7698,8099,Blocked,Low
2025-03-19 08:31:10,192.168.1.1,192.168.1.20,ICMP,3389,8216,12779,Blocked,Critical
2025-03-19 08:30:40,192.168.1.38,8.8.8.8,HTTP,21,2735,3020,Allowed,Medium
2025-03-19 08:30:10,192.168.1.17,203.0.113.99,UDP,22,537,12159,Blocked,Medium
2025-03-19 08:29:40,10.0.0.49,8.8.8.8,UDP,21,5080,9407,Allowed,Low
2025-03-19 08:29:10,192.168.1.12,172.217.169.46,TCP,N/A,7732,6027,Blocked,High
2025-03-19 08:28:40,192.168.1.4,172.217.169.46,FTP,80,1202,10199,Blocked,Low
2025-03-19 08:28:10,192.168.1.48,10.0.0.5,ICMP,8080,3872,9034,Allowed,Low
2025-03-19 08:27:40,192.168.1.38,203.0.113.99,DNS,N/A,3961,13398,Blocked,Medium
2025-03-19 08:27:10,192.168.1.10,203.0.113.99,DNS,N/A,6979,7009,Allowed,Medium
2025-03-19 08:26:40,192.168.1.6,203.0.113.99,FTP,53,8640,14945,Allowed,Low
2025-03-19 08:26:10,192.168.1.5,8.8.8.8,TCP,22,5299,684,Blocked,Low
2025-03-19 08:25:40,10.0.0.46,10.0.0.5,HTTP,3389,3142,3708,Allowed,Low
2025-03-19 08:25:10,10.0.0.13,203.0.113.99,ICMP,N/A,3587,13548,Blocked,Low
2025-03-19 08:24:40,192.168.1.41,192.168.1.20,TCP,21,7894,1714,Allowed,Medium
2025-03-19 08:24:10,192.168.1.2,8.8.8.8,HTTP,443,1420,9570,Blocked,Low
2025-03-19 08:23:40,192.168.1.13,8.8.8.8,FTP,N/A,8149,7318,Allowed,Low
2025-03-19 08:23:10,10.0.0.16,172.217.169.46,FTP,21,3875,8557,Allowed,Critical
2025-03-19 08:22:40,10.0.0.25,172.217.169.46,DNS,N/A,4673,7822,Allowed,Low
2025-03-19 08:22:10,192.168.1.14,172.217.169.46,HTTP,21,8097,14175,Blocked,Low
2025-03-19 08:21:40,10.0.0.48,8.8.8.8,HTTP,443,2499,9274,Blocked,Medium
2025-03-19 08:21:10,192.168.1.26,172.217.169.46,ICMP,80,9231,6399,Allowed,Low
2025-03-19 08:20:40,10.0.0.48,192.168.1.20,UDP,443,477,4171,Allowed,Low
2025-03-19 08:20:10,10.0.0.29,10.0.0.5,DNS,3389,5484,627,Allowed,Low
2025-03-19 08:19:40,192.168.1.32,192.168.1.20,ICMP,443,3288,10735,Allowed,Low
2025-03-19 08:19:10,192.168.1.45,192.168.1.20,TCP,22,806,6072,Allowed,Medium
2025-03-19 08:18:40,192.168.1.48,10.0.0.5,TCP,22,9307,2380,Allowed,Low
2025-03-19 08:18:10,10.0.0.18,10.0.0.5,FTP,8080,8928,5728,Allowed,Low
2025-03-19 08:17:40,10.0.0.31,8.8.8.8,DNS,53,3675,999,Blocked,Low
2025-03-19 08:17:10,192.168.1.9,203.0.113.99,TCP,53,3856,8837,Allowed,Low
2025-03-19 08:16:40,192.168.1.6,203.0.113.99,UDP,443,791,2584,Blocked,Critical
2025-03-19 08:16:10,10.0.0.4,192.168.1.20,UDP,N/A,9217,6558,Allowed,Medium
2025-03-19 08:15:40,10.0.0.31,192.168.1.20,FTP,N/A,4038,12530,Blocked,Low
2025-03-19 08:15:10,192.168.1.25,8.8.8.8,FTP,53,4600,240,Blocked,Low
2025-03-19 08:14:40,192.168.1.45,192.168.1.20,TCP,22,6803,7589,Allowed,High
2025-03-19 08:14:10,192.168.1.27,10.0.0.5,HTTP,21,6498,3454,Allowed,Critical
2025-03-19 08:13:40,192.168.1.48,10.0.0.5,TCP,53,7223,9935,Allowed,Medium
2025-03-19 08:13:10,10.0.0.18,203.0.113.99,TCP,53,3689,7828,Allowed,Low
2025-03-19 08:12:40,192.168.1.35,203.0.113.99,TCP,80,6881,6707,Allowed,Critical
2025-03-19 08:12:10,10.0.0.2,10.0.0.5,DNS,N/A,562,1031,Allowed,Low
2025-03-19 08:11:40,192.168.1.31,10.0.0.5,HTTP,21,3162,14977,Blocked,Low
2025-03-19 08:11:10,10.0.0.21,8.8.8.8,ICMP,8080,2050,10077,Allowed,Critical
2025-03-19 08:10:40,10.0.0.44,203.0.113.99,UDP,53,1957,6217,Allowed,High
2025-03-19 08:10:10,10.0.0.46,8.8.8.8,UDP,53,7928,560,Allowed,Low
2025-03-19 08:09:40,192.168.1.42,203.0.113.99,TCP,21,4673,4712,Allowed,Low
2025-03-19 08:09:10,10.0.0.32,8.8.8.8,UDP,3389,7348,3998,Allowed,High
2025-03-19 08:08:40,192.168.1.26,192.168.1.20,FTP,22,3988,5080,Allowed,High
2025-03-19 08:08:10,10.0.0.28,192.168.1.20,UDP,3389,8039,2914,Allowed,High
2025-03-19 08:07:40,192.168.1.44,203.0.113.99,DNS,21,9045,8778,Allowed,Low
2025-03-19 08:07:10,10.0.0.30,203.0.113.99,DNS,3389,9015,12837,Blocked,Low
2025-03-19 08:06:40,192.168.1.7,10.0.0.5,FTP,443,7349,3715,Allowed,Low
2025-03-19 08:06:10,192.168.1.36,8.8.8.8,ICMP,21,461,5475,Blocked,Medium
2025-03-19 08:05:40,192.168.1.36,203.0.113.99,UDP,53,3362,1731,Blocked,Low
2025-03-19 08:05:10,192.168.1.43,192.168.1.20,FTP,21,8333,7367,Allowed,Low
2025-03-19 08:04:40,192.168.1.40,192.168.1.20,HTTP,22,1182,1550,Allowed,Low
2025-03-19 08:04:10,192.168.1.7,203.0.113.99,HTTP,21,4425,11975,Allowed,High
2025-03-19 08:03:40,192.168.1.10,172.217.169.46,DNS,N/A,5313,14768,Allowed,Low
2025-03-19 08:03:10,10.0.0.45,172.217.169.46,ICMP,21,8352,4651,Blocked,Low
2025-03-19 08:02:40,192.168.1.44,8.8.8.8,UDP,443,1199,6239,Blocked,Medium
2025-03-19 08:02:10,192.168.1.10,203.0.113.99,HTTP,80,9313,12778,Blocked,Low
2025-03-19 08:01:40,192.168.1.34,203.0.113.99,TCP,22,6272,5235,Blocked,Medium
2025-03-19 08:01:10,192.168.1.24,203.0.113.99,FTP,80,9890,13279,Blocked,High
2025-03-19 08:00:40,10.0.0.47,192.168.1.20,DNS,21,3957,1044,Allowed,Medium
2025-03-19 08:00:10,192.168.1.4,203.0.113.99,DNS,80,7770,1910,Allowed,Low
2025-03-19 07:59:40,10.0.0.25,192.168.1.20,TCP,53,4997,14790,Allowed,High
2025-03-19 07:59:10,10.0.0.18,203.0.113.99,UDP,80,6638,7139,Allowed,Low
2025-03-19 07:58:40,10.0.0.8,172.217.169.46,HTTP,8080,2962,9101,Blocked,Medium
2025-03-19 07:58:10,10.0.0.45,203.0.113.99,FTP,8080,7841,8397,Blocked,Low
2025-03-19 07:57:40,10.0.0.28,8.8.8.8,HTTP,80,4323,13829,Blocked,Low
2025-03-19 07:57:10,192.168.1.22,203.0.113.99,UDP,80,9476,14166,Allowed,Low
2025-03-19 07:56:40,10.0.0.7,8.8.8.8,ICMP,8080,1584,315,Allowed,Low
2025-03-19 07:56:10,192.168.1.20,10.0.0.5,UDP,N/A,2474,6349,Blocked,Medium
2025-03-19 07:55:40,10.0.0.11,203.0.113.99,TCP,N/A,9802,11002,Allowed,Low
2025-03-19 07:55:10,192.168.1.19,192.168.1.20,ICMP,53,3562,5528,Allowed,Low
2025-03-19 07:54:40,192.168.1.31,203.0.113.99,UDP,N/A,1209,7574,Allowed,Medium
2025-03-19 07:54:10,192.168.1.34,192.168.1.20,DNS,N/A,3194,7989,Blocked,Medium
2025-03-19 07:53:40,192.168.1.8,10.0.0.5,ICMP,8080,2623,5497,Blocked,Low
2025-03-19 07:53:10,192.168.1.29,8.8.8.8,UDP,21,1147,581,Blocked,Low
2025-03-19 07:52:40,192.168.1.3,203.0.113.99,TCP,80,7351,4899,Blocked,Low
2025-03-19 07:52:10,10.0.0.48,172.217.169.46,TCP,80,9526,8528,Allowed,Low
2025-03-19 07:51:40,10.0.0.1,192.168.1.20,TCP,21,1568,9131,Allowed,High
2025-03-19 07:51:10,10.0.0.32,192.168.1.20,HTTP,80,6482,4207,Blocked,Critical
2025-03-19 07:50:40,192.168.1.39,203.0.113.99,ICMP,443,8402,4736,Blocked,Low
2025-03-19 07:50:10,192.168.1.46,203.0.113.99,UDP,53,1006,4789,Allowed,Medium
2025-03-19 07:49:40,10.0.0.39,203.0.113.99,FTP,21,5457,3080,Allowed,Low
2025-03-19 07:49:10,10.0.0.11,172.217.169.46,TCP,53,1943,13784,Allowed,Critical
2025-03-19 07:48:40,192.168.1.29,192.168.1.20,HTTP,53,119,5617,Blocked,Low
2025-03-19 07:48:10,192.168.1.30,203.0.113.99,HTTP,443,9856,3168,Allowed,Low
2025-03-19 07:47:40,10.0.0.32,172.217.169.46,ICMP,22,8995,1928,Allowed,Low
2025-03-19 07:47:10,192.168.1.2,192.168.1.20,TCP,8080,7909,9615,Blocked,Low
2025-03-19 07:46:40,192.168.1.22,203.0.113.99,TCP,3389,4484,6734,Blocked,Low
2025-03-19 07:46:10,192.168.1.47,8.8.8.8,TCP,443,8709,10750,Allowed,Low
2025-03-19 07:45:40,192.168.1.26,172.217.169.46,UDP,3389,1649,1259,Allowed,High
2025-03-19 07:45:10,10.0.0.31,192.168.1.20,HTTP,3389,8927,7679,Allowed,Low
2025-03-19 07:44:40,10.0.0.33,192.168.1.20,DNS,N/A,3299,5212,Allowed,Low
2025-03-19 07:44:10,10.0.0.2,203.0.113.99,ICMP,3389,3422,12455,Allowed,Medium
2025-03-19 07:43:40,192.168.1.36,203.0.113.99,TCP,53,1992,8878,Blocked,Low
2025-03-19 07:43:10,192.168.1.46,8.8.8.8,ICMP,80,3759,13131,Blocked,Low
2025-03-19 07:42:40,10.0.0.4,192.168.1.20,FTP,22,7882,9208,Blocked,Low
2025-03-19 07:42:10,10.0.0.37,10.0.0.5,ICMP,80,7583,12210,Blocked,Low
2025-03-19 07:41:40,192.168.1.18,203.0.113.99,ICMP,443,3443,12790,Blocked,Medium
2025-03-19 07:41:10,192.168.1.31,10.0.0.5,FTP,N/A,7961,12110,Allowed,High
2025-03-19 07:40:40,192.168.1.45,10.0.0.5,TCP,8080,4200,8150,Blocked,Medium
2025-03-19 07:40:10,10.0.0.6,192.168.1.20,TCP,8080,6443,994,Allowed,High
2025-03-19 07:39:40,10.0.0.35,203.0.113.99,DNS,8080,5992,9520,Allowed,Low
2025-03-19 07:39:10,192.168.1.29,8.8.8.8,DNS,N/A,2937,3966,Blocked,Low
2025-03-19 07:38:40,192.168.1.1,8.8.8.8,HTTP,N/A,2968,4709,Blocked,Medium
2025-03-19 07:38:10,192.168.1.8,8.8.8.8,UDP,443,1673,9458,Blocked,Low
2025-03-19 07:37:40,10.0.0.23,172.217.169.46,DNS,53,6679,1643,Allowed,High
2025-03-19 07:37:10,192.168.1.39,172.217.169.46,ICMP,8080,6910,8844,Allowed,Low
2025-03-19 07:36:40,10.0.0.7,203.0.113.99,DNS,22,5181,8405,Blocked,Low
2025-03-19 07:36:10,10.0.0.9,8.8.8.8,DNS,3389,2033,14949,Blocked,Low
2025-03-19 07:35:40,192.168.1.39,203.0.113.99,UDP,22,6350,3236,Blocked,Low
2025-03-19 07:35:10,192.168.1.15,203.0.113.99,ICMP,443,6138,8013,Blocked,Medium
2025-03-19 07:34:40,192.168.1.32,172.217.169.46,DNS,21,4603,12684,Allowed,Medium
2025-03-19 07:34:10,192.168.1.5,8.8.8.8,HTTP,21,5058,7372,Blocked,Low
2025-03-19 07:33:40,192.168.1.7,8.8.8.8,TCP,53,6554,4880,Blocked,Low
2025-03-19 07:33:10,10.0.0.11,10.0.0.5,TCP,443,526,12647,Blocked,Critical
2025-03-19 07:32:40,10.0.0.28,8.8.8.8,DNS,N/A,810,414,Allowed,High
2025-03-19 07:32:10,192.168.1.24,8.8.8.8,UDP,21,2725,13203,Allowed,Medium
2025-03-19 07:31:40,10.0.0.24,172.217.169.46,ICMP,21,6722,1582,Blocked,Low
2025-03-19 07:31:10,10.0.0.17,172.217.169.46,HTTP,80,8063,2147,Blocked,Low
2025-03-19 07:30:40,10.0.0.25,172.217.169.46,UDP,N/A,418,10980,Allowed,Medium
2025-03-19 07:30:10,192.168.1.36,10.0.0.5,FTP,80,2653,12120,Allowed,Low
2025-03-19 07:29:40,10.0.0.4,172.217.169.46,DNS,N/A,291,913,Blocked,Low
2025-03-19 07:29:10,10.0.0.41,10.0.0.5,FTP,53,8144,14743,Allowed,Low
2025-03-19 07:28:40,192.168.1.50,172.217.169.46,UDP,53,3991,3774,Blocked,Medium
2025-03-19 07:28:10,10.0.0.49,203.0.113.99,TCP,53,4067,7018,Blocked,Low
2025-03-19 07:27:40,10.0.0.2,172.217.169.46,UDP,8080,9643,6709,Blocked,Low
2025-03-19 07:27:10,192.168.1.22,8.8.8.8,HTTP,8080,9231,10441,Blocked,High
2025-03-19 07:26:40,192.168.1.14,172.217.169.46,ICMP,8080,8823,10715,Blocked,Medium
2025-03-19 07:26:10,10.0.0.46,192.168.1.20,ICMP,N/A,9863,10481,Blocked,Low
2025-03-19 07:25:40,192.168.1.7,203.0.113.99,HTTP,53,5086,270,Allowed,Low
2025-03-19 07:25:10,10.0.0.48,8.8.8.8,ICMP,53,9984,11919,Allowed,Low
2025-03-19 07:24:40,10.0.0.38,192.168.1.20,ICMP,80,9975,3717,Blocked,Medium
2025-03-19 07:24:10,192.168.1.29,192.168.1.20,ICMP,8080,3913,9210,Allowed,High
2025-03-19 07:23:40,10.0.0.30,172.217.169.46,DNS,22,872,8096,Blocked,Low
2025-03-19 07:23:10,192.168.1.41,203.0.113.99,FTP,80,2022,11649,Blocked,Low
2025-03-19 07:22:40,10.0.0.2,203.0.113.99,TCP,53,6751,4693,Allowed,Low
2025-03-19 07:22:10,192.168.1.26,8.8.8.8,TCP,80,5580,3237,Blocked,Low
2025-03-19 07:21:40,10.0.0.19,8.8.8.8,UDP,80,9149,14609,Allowed,Low
2025-03-19 07:21:10,192.168.1.27,8.8.8.8,FTP,3389,1550,6115,Blocked,Low
2025-03-19 07:20:40,10.0.0.14,203.0.113.99,HTTP,3389,7405,8930,Allowed,Low
2025-03-19 07:20:10,192.168.1.17,172.217.169.46,TCP,N/A,1918,11652,Allowed,Low
2025-03-19 07:19:40,10.0.0.50,192.168.1.20,DNS,53,5415,12844,Allowed,Medium
2025-03-19 07:19:10,10.0.0.47,192.168.1.20,TCP,21,2973,9513,Allowed,Low
2025-03-19 07:18:40,192.168.1.3,192.168.1.20,TCP,3389,215,9439,Allowed,Low
2025-03-19 07:18:10,192.168.1.40,10.0.0.5,HTTP,53,3411,4926,Allowed,Medium
2025-03-19 07:17:40,192.168.1.38,192.168.1.20,FTP,8080,1140,9220,Allowed,Low
2025-03-19 07:17:10,192.168.1.24,10.0.0.5,UDP,8080,6236,7403,Allowed,Low
2025-03-19 07:16:40,10.0.0.25,8.8.8.8,ICMP,N/A,9487,7830,Blocked,Low
2025-03-19 07:16:10,192.168.1.30,10.0.0.5,FTP,21,2460,14890,Allowed,Low
2025-03-19 07:15:40,10.0.0.18,10.0.0.5,TCP,80,9935,5041,Allowed,Medium
2025-03-19 07:15:10,10.0.0.23,172.217.169.46,FTP,53,7951,9349,Blocked,Medium
2025-03-19 07:14:40,192.168.1.33,203.0.113.99,UDP,8080,9052,8116,Allowed,Low
2025-03-19 07:14:10,10.0.0.35,192.168.1.20,ICMP,80,4964,2575,Blocked,Medium
2025-03-19 07:13:40,10.0.0.16,172.217.169.46,DNS,53,2669,7662,Blocked,Low
2025-03-19 07:13:10,10.0.0.8,10.0.0.5,UDP,53,3606,5783,Blocked,Medium
2025-03-19 07:12:40,10.0.0.6,10.0.0.5,FTP,80,234,11220,Allowed,Medium
2025-03-19 07:12:10,10.0.0.7,192.168.1.20,UDP,80,3027,3208,Blocked,Low
2025-03-19 07:11:40,192.168.1.1,8.8.8.8,UDP,80,4820,754,Blocked,Low
2025-03-19 07:11:10,192.168.1.32,192.168.1.20,HTTP,N/A,6904,3836,Blocked,Low
2025-03-19 07:10:40,10.0.0.3,172.217.169.46,ICMP,443,1102,9433,Allowed,Low
2025-03-19 07:10:10,192.168.1.22,203.0.113.99,UDP,22,916,12048,Allowed,High
2025-03-19 07:09:40,192.168.1.40,192.168.1.20,TCP,21,176,8490,Blocked,Low
2025-03-19 07:09:10,192.168.1.24,10.0.0.5,FTP,N/A,8683,12783,Blocked,High
2025-03-19 07:08:40,192.168.1.6,10.0.0.5,UDP,21,1932,4480,Blocked,Low
2025-03-19 07:08:10,10.0.0.39,172.217.169.46,FTP,443,206,2886,Allowed,High
2025-03-19 07:07:40,192.168.1.23,8.8.8.8,FTP,8080,7276,514,Blocked,Low
2025-03-19 07:07:10,10.0.0.9,203.0.113.99,FTP,80,6680,8586,Allowed,Low
2025-03-19 07:06:40,192.168.1.30,10.0.0.5,ICMP,8080,1616,12481,Blocked,Medium
2025-03-19 07:06:10,192.168.1.5,10.0.0.5,HTTP,3389,222,7236,Allowed,Medium
2025-03-19 07:05:40,192.168.1.22,10.0.0.5,UDP,3389,1705,5085,Blocked,Low
2025-03-19 07:05:10,192.168.1.1,192.168.1.20,FTP,443,4185,8382,Allowed,Medium
2025-03-19 07:04:40,10.0.0.35,192.168.1.20,FTP,8080,9312,7580,Allowed,Low
2025-03-19 07:04:10,192.168.1.10,172.217.169.46,TCP,443,8677,3386,Allowed,Medium
2025-03-19 07:03:40,192.168.1.44,192.168.1.20,HTTP,N/A,1749,11044,Blocked,Medium
2025-03-19 07:03:10,192.168.1.34,192.168.1.20,FTP,8080,3644,7599,Blocked,Low
2025-03-19 07:02:40,192.168.1.16,10.0.0.5,DNS,21,9359,934,Blocked,Critical
2025-03-19 07:02:10,192.168.1.27,203.0.113.99,DNS,N/A,6989,9371,Allowed,Medium
2025-03-19 07:01:40,10.0.0.3,203.0.113.99,FTP,8080,2671,4893,Allowed,Low
2025-03-19 07:01:10,10.0.0.27,10.0.0.5,ICMP,443,4997,3617,Blocked,Medium
2025-03-19 07:00:40,192.168.1.46,8.8.8.8,FTP,8080,8062,7533,Blocked,Medium
2025-03-19 07:00:10,192.168.1.15,10.0.0.5,ICMP,N/A,1800,946,Allowed,Low
2025-03-19 06:59:40,10.0.0.43,10.0.0.5,HTTP,8080,7307,3190,Blocked,Low
2025-03-19 06:59:10,192.168.1.13,8.8.8.8,HTTP,443,1953,1988,Allowed,Medium
2025-03-19 06:58:40,10.0.0.7,192.168.1.20,UDP,443,2044,361,Blocked,Low
2025-03-19 06:58:10,192.168.1.36,10.0.0.5,HTTP,8080,8791,6681,Blocked,Low
2025-03-19 06:57:40,10.0.0.50,192.168.1.20,UDP,443,2863,14649,Blocked,Medium
2025-03-19 06:57:10,192.168.1.49,192.168.1.20,TCP,N/A,937,12552,Blocked,Low
2025-03-19 06:56:40,10.0.0.44,172.217.169.46,DNS,443,7782,9921,Blocked,Low
2025-03-19 06:56:10,192.168.1.43,203.0.113.99,FTP,3389,965,12814,Blocked,Low
2025-03-19 06:55:40,10.0.0.35,192.168.1.20,HTTP,22,1709,4807,Blocked,Low
2025-03-19 06:55:10,192.168.1.16,8.8.8.8,FTP,443,6881,8758,Blocked,Medium
2025-03-19 06:54:40,192.168.1.36,8.8.8.8,TCP,53,7284,4207,Allowed,Medium
2025-03-19 06:54:10,192.168.1.37,192.168.1.20,HTTP,8080,5198,5704,Allowed,Low
2025-03-19 06:53:40,10.0.0.35,8.8.8.8,ICMP,21,9979,13840,Blocked,Medium
2025-03-19 06:53:10,10.0.0.20,203.0.113.99,HTTP,53,3507,13256,Blocked,High
2025-03-19 06:52:40,10.0.0.34,8.8.8.8,TCP,3389,8511,4594,Allowed,Low
2025-03-19 06:52:10,192.168.1.49,203.0.113.99,ICMP,N/A,4990,10282,Blocked,High
2025-03-19 06:51:40,10.0.0.20,203.0.113.99,DNS,80,5291,1049,Allowed,Medium
2025-03-19 06:51:10,192.168.1.50,172.217.169.46,UDP,443,3289,7189,Blocked,Low
2025-03-19 06:50:40,192.168.1.21,192.168.1.20,FTP,8080,5562,10942,Blocked,Medium
2025-03-19 06:50:10,10.0.0.45,172.217.169.46,HTTP,N/A,5323,8106,Blocked,Low
2025-03-19 06:49:40,10.0.0.17,172.217.169.46,UDP,3389,926,2646,Allowed,Low
2025-03-19 06:49:10,10.0.0.3,10.0.0.5,HTTP,N/A,8775,7579,Blocked,High
2025-03-19 06:48:40,10.0.0.32,192.168.1.20,TCP,443,369,1582,Blocked,Low
2025-03-19 06:48:10,192.168.1.8,192.168.1.20,HTTP,8080,6991,6913,Blocked,Medium
2025-03-19 06:47:40,10.0.0.12,8.8.8.8,UDP,8080,4633,10262,Allowed,Low
2025-03-19 06:47:10,10.0.0.34,192.168.1.20,TCP,80,4563,4717,Blocked,High
2025-03-19 06:46:40,192.168.1.19,172.217.169.46,TCP,80,7044,13764,Blocked,Low
2025-03-19 06:46:10,192.168.1.41,192.168.1.20,ICMP,80,4057,5410,Allowed,Medium
2025-03-19 06:45:40,10.0.0.36,172.217.169.46,ICMP,21,1215,12628,Blocked,Low
2025-03-19 06:45:10,192.168.1.19,8.8.8.8,ICMP,80,1139,6317,Allowed,Low
2025-03-19 06:44:40,192.168.1.48,192.168.1.20,HTTP,443,9857,4189,Blocked,Low
2025-03-19 06:44:10,192.168.1.41,172.217.169.46,ICMP,443,7186,4391,Allowed,Low
2025-03-19 06:43:40,192.168.1.33,8.8.8.8,TCP,22,1242,12772,Allowed,Critical
2025-03-19 06:43:10,192.168.1.8,172.217.169.46,HTTP,22,2919,9340,Blocked,Low
2025-03-19 06:42:40,10.0.0.15,172.217.169.46,TCP,21,4198,9323,Blocked,Low
2025-03-19 06:42:10,192.168.1.29,192.168.1.20,FTP,80,7010,4484,Allowed,High
2025-03-19 06:41:40,192.168.1.21,10.0.0.5,HTTP,80,4293,5974,Blocked,Low
2025-03-19 06:41:10,192.168.1.6,8.8.8.8,FTP,N/A,5558,7392,Blocked,Low
2025-03-19 06:40:40,10.0.0.16,172.217.169.46,TCP,443,3508,5964,Blocked,Medium
2025-03-19 06:40:10,192.168.1.11,10.0.0.5,ICMP,443,7682,1025,Blocked,Critical
2025-03-19 06:39:40,10.0.0.6,192.168.1.20,FTP,53,6081,3976,Blocked,Low
2025-03-19 06:39:10,192.168.1.5,192.168.1.20,FTP,80,9437,7716,Allowed,Low
2025-03-19 06:38:40,10.0.0.1,192.168.1.20,HTTP,22,7598,13894,Blocked,Medium
2025-03-19 06:38:10,192.168.1.37,8.8.8.8,DNS,8080,125,3967,Blocked,Critical
2025-03-19 06:37:40,192.168.1.38,172.217.169.46,FTP,N/A,6203,14975,Allowed,Medium
2025-03-19 06:37:10,10.0.0.9,8.8.8.8,FTP,8080,5561,14378,Blocked,Medium
2025-03-19 06:36:40,192.168.1.47,10.0.0.5,DNS,443,9340,10648,Blocked,High
2025-03-19 06:36:10,10.0.0.17,172.217.169.46,FTP,22,6385,6399,Blocked,Medium
2025-03-19 06:35:40,192.168.1.2,203.0.113.99,DNS,80,7534,10722,Blocked,Low
2025-03-19 06:35:10,192.168.1.7,10.0.0.5,ICMP,3389,4890,13719,Blocked,Medium
2025-03-19 06:34:40,10.0.0.3,172.217.169.46,FTP,21,289,11965,Allowed,Low
2025-03-19 06:34:10,10.0.0.2,192.168.1.20,DNS,53,2373,10592,Allowed,Low
2025-03-19 06:33:40,192.168.1.40,203.0.113.99,HTTP,80,4836,2858,Blocked,Low
2025-03-19 06:33:10,192.168.1.3,203.0.113.99,DNS,443,6665,9821,Allowed,Critical
2025-03-19 06:32:40,192.168.1.21,192.168.1.20,ICMP,443,4853,7616,Blocked,Medium
2025-03-19 06:32:10,192.168.1.17,172.217.169.46,DNS,21,8312,209,Blocked,High
2025-03-19 06:31:40,10.0.0.47,203.0.113.99,TCP,N/A,9126,13684,Allowed,Low
2025-03-19 06:31:10,192.168.1.25,203.0.113.99,FTP,53,9065,372,Blocked,Low
2025-03-19 06:30:40,192.168.1.18,192.168.1.20,HTTP,22,4247,8677,Blocked,Low
2025-03-19 06:30:10,192.168.1.3,8.8.8.8,DNS,8080,2373,5596,Blocked,Medium
2025-03-19 06:29:40,192.168.1.24,192.168.1.20,TCP,53,6694,13849,Blocked,Low
2025-03-19 06:29:10,192.168.1.47,172.217.169.46,HTTP,80,8583,12254,Blocked,Critical
2025-03-19 06:28:40,192.168.1.22,172.217.169.46,TCP,8080,3816,8960,Blocked,Medium
2025-03-19 06:28:10,192.168.1.12,10.0.0.5,FTP,21,7021,3554,Blocked,Low
2025-03-19 06:27:40,10.0.0.37,8.8.8.8,FTP,8080,7138,5892,Blocked,Low
2025-03-19 06:27:10,192.168.1.48,192.168.1.20,HTTP,443,4228,11638,Blocked,Medium
2025-03-19 06:26:40,10.0.0.13,8.8.8.8,HTTP,53,2376,6509,Blocked,Low
2025-03-19 06:26:10,192.168.1.20,10.0.0.5,ICMP,53,3346,8036,Blocked,Low
2025-03-19 06:25:40,10.0.0.4,8.8.8.8,DNS,8080,5017,13001,Blocked,Medium
2025-03-19 06:25:10,10.0.0.4,192.168.1.20,ICMP,443,1926,903,Allowed,Medium
2025-03-19 06:24:40,192.168.1.4,192.168.1.20,FTP,N/A,9127,6208,Allowed,Low
2025-03-19 06:24:10,10.0.0.12,203.0.113.99,DNS,8080,1274,7407,Blocked,Low
2025-03-19 06:23:40,192.168.1.2,10.0.0.5,ICMP,N/A,4374,4989,Allowed,Low
2025-03-19 06:23:10,10.0.0.38,172.217.169.46,FTP,8080,9328,7821,Allowed,Low
2025-03-19 06:22:40,10.0.0.12,8.8.8.8,ICMP,443,2586,7682,Blocked,Low
2025-03-19 06:22:10,192.168.1.43,203.0.113.99,DNS,21,231,12684,Blocked,Medium
2025-03-19 06:21:40,10.0.0.20,10.0.0.5,HTTP,21,5326,6666,Blocked,Low
2025-03-19 06:21:10,192.168.1.49,8.8.8.8,FTP,22,7885,10801,Allowed,Low
2025-03-19 06:20:40,192.168.1.20,10.0.0.5,TCP,3389,7281,2703,Allowed,Low
2025-03-19 06:20:10,192.168.1.3,192.168.1.20,FTP,21,9470,4394,Blocked,Low
2025-03-19 06:19:40,10.0.0.31,10.0.0.5,DNS,443,2693,9723,Allowed,Low
2025-03-19 06:19:10,10.0.0.46,203.0.113.99,HTTP,3389,813,10429,Blocked,High
2025-03-19 06:18:40,10.0.0.24,192.168.1.20,FTP,53,2628,12389,Allowed,Low
2025-03-19 06:18:10,10.0.0.42,203.0.113.99,HTTP,N/A,282,11535,Blocked,Medium
2025-03-19 06:17:40,192.168.1.15,8.8.8.8,UDP,21,6213,5672,Blocked,Low
2025-03-19 06:17:10,192.168.1.15,8.8.8.8,FTP,21,3168,14478,Allowed,High
2025-03-19 06:16:40,10.0.0.7,203.0.113.99,DNS,53,3452,13806,Allowed,Low
2025-03-19 06:16:10,10.0.0.26,172.217.169.46,TCP,53,3101,1104,Allowed,Low
2025-03-19 06:15:40,10.0.0.17,203.0.113.99,UDP,22,5529,6049,Blocked,Medium
2025-03-19 06:15:10,192.168.1.41,10.0.0.5,DNS,N/A,8003,6595,Blocked,Low
2025-03-19 06:14:40,10.0.0.40,172.217.169.46,HTTP,22,2600,243,Blocked,Low
2025-03-19 06:14:10,192.168.1.12,172.217.169.46,UDP,53,9867,8869,Allowed,Low
2025-03-19 06:13:40,192.168.1.3,10.0.0.5,TCP,8080,2935,10307,Allowed,Low
2025-03-19 06:13:10,192.168.1.50,172.217.169.46,UDP,80,4476,1239,Allowed,High
2025-03-19 06:12:40,10.0.0.38,172.217.169.46,FTP,53,3401,12477,Allowed,Medium
2025-03-19 06:12:10,10.0.0.2,172.217.169.46,DNS,443,7275,12404,Allowed,Low
2025-03-19 06:11:40,10.0.0.45,192.168.1.20,TCP,3389,9663,3962,Blocked,Low
2025-03-19 06:11:10,192.168.1.47,8.8.8.8,TCP,21,9355,9407,Blocked,Low
2025-03-19 06:10:40,192.168.1.36,172.217.169.46,TCP,22,9576,12360,Allowed,Critical
2025-03-19 06:10:10,10.0.0.8,192.168.1.20,FTP,N/A,6311,7827,Blocked,Low
2025-03-19 06:09:40,10.0.0.48,8.8.8.8,FTP,443,9141,3503,Allowed,Medium
2025-03-19 06:09:10,192.168.1.1,172.217.169.46,FTP,80,8819,8229,Blocked,Medium
2025-03-19 06:08:40,10.0.0.41,172.217.169.46,ICMP,3389,2109,10652,Allowed,High
2025-03-19 06:08:10,192.168.1.20,8.8.8.8,TCP,21,8573,4929,Blocked,Medium
2025-03-19 06:07:40,10.0.0.14,203.0.113.99,TCP,3389,9611,4618,Blocked,Low
2025-03-19 06:07:10,192.168.1.40,10.0.0.5,UDP,80,6240,14898,Allowed,Low
2025-03-19 06:06:40,192.168.1.16,8.8.8.8,DNS,8080,3305,5782,Allowed,Medium
2025-03-19 06:06:10,192.168.1.37,192.168.1.20,ICMP,22,1770,8524,Blocked,Low
2025-03-19 06:05:40,192.168.1.25,192.168.1.20,TCP,8080,2442,9504,Allowed,High
2025-03-19 06:05:10,192.168.1.30,192.168.1.20,DNS,53,1763,5700,Allowed,Low
2025-03-19 06:04:40,10.0.0.33,10.0.0.5,DNS,22,972,2098,Allowed,Low
2025-03-19 06:04:10,10.0.0.37,172.217.169.46,FTP,8080,6109,6462,Blocked,High
2025-03-19 06:03:40,10.0.0.20,203.0.113.99,HTTP,3389,6230,8890,Blocked,High
2025-03-19 06:03:10,192.168.1.43,192.168.1.20,TCP,80,2116,8181,Blocked,Medium
2025-03-19 06:02:40,10.0.0.32,10.0.0.5,UDP,8080,5238,9430,Blocked,Low
2025-03-19 06:02:10,10.0.0.37,172.217.169.46,TCP,53,9871,10393,Blocked,Medium
2025-03-19 06:01:40,10.0.0.5,203.0.113.99,TCP,53,5411,10524,Allowed,Low
2025-03-19 06:01:10,192.168.1.22,172.217.169.46,UDP,3389,3202,1681,Allowed,Low
2025-03-19 06:00:40,192.168.1.39,203.0.113.99,ICMP,443,3100,888,Blocked,Medium
2025-03-19 06:00:10,10.0.0.22,10.0.0.5,HTTP,80,8938,6583,Allowed,Low
2025-03-19 05:59:40,192.168.1.34,192.168.1.20,HTTP,22,9124,697,Blocked,Low
2025-03-19 05:59:10,10.0.0.31,10.0.0.5,DNS,443,2977,5118,Allowed,Low
2025-03-19 05:58:40,192.168.1.50,203.0.113.99,DNS,22,6456,3247,Allowed,Low
2025-03-19 05:58:10,10.0.0.17,10.0.0.5,ICMP,N/A,3747,12853,Blocked,Low
2025-03-19 05:57:40,10.0.0.17,203.0.113.99,TCP,22,6815,11691,Allowed,Low
2025-03-19 05:57:10,10.0.0.29,203.0.113.99,HTTP,21,952,10535,Blocked,Low
2025-03-19 05:56:40,10.0.0.24,8.8.8.8,HTTP,3389,3898,12456,Allowed,Low
2025-03-19 05:56:10,10.0.0.38,10.0.0.5,HTTP,443,5376,11787,Blocked,Medium
2025-03-19 05:55:40,192.168.1.28,172.217.169.46,FTP,80,7916,1726,Allowed,Low
2025-03-19 05:55:10,10.0.0.39,10.0.0.5,DNS,80,6568,12370,Blocked,Low
2025-03-19 05:54:40,192.168.1.4,8.8.8.8,ICMP,80,8694,6358,Allowed,High
2025-03-19 05:54:10,10.0.0.15,172.217.169.46,DNS,8080,1502,4027,Blocked,Critical
2025-03-19 05:53:40,192.168.1.49,192.168.1.20,UDP,8080,6825,352,Allowed,Medium
2025-03-19 05:53:10,192.168.1.48,8.8.8.8,FTP,21,3442,4705,Allowed,Medium
2025-03-19 05:52:40,192.168.1.3,10.0.0.5,UDP,21,6800,4931,Blocked,Medium
2025-03-19 05:52:10,10.0.0.4,203.0.113.99,TCP,N/A,879,2557,Allowed,Medium
2025-03-19 05:51:40,192.168.1.30,192.168.1.20,TCP,22,7279,12820,Blocked,High
2025-03-19 05:51:10,10.0.0.31,172.217.169.46,DNS,443,4469,9662,Blocked,Low
2025-03-19 05:50:40,192.168.1.34,203.0.113.99,UDP,N/A,5505,12615,Allowed,Medium
2025-03-19 05:50:10,192.168.1.16,8.8.8.8,ICMP,53,4138,9804,Blocked,High
2025-03-19 05:49:40,10.0.0.16,203.0.113.99,FTP,22,7148,1762,Blocked,Low
2025-03-19 05:49:10,10.0.0.8,10.0.0.5,ICMP,N/A,5715,5951,Allowed,Medium
2025-03-19 05:48:40,10.0.0.5,192.168.1.20,UDP,21,821,894,Blocked,Medium
2025-03-19 05:48:10,192.168.1.44,192.168.1.20,FTP,21,7373,13576,Blocked,High
2025-03-19 05:47:40,192.168.1.27,192.168.1.20,HTTP,8080,1514,5371,Allowed,High
2025-03-19 05:47:10,10.0.0.19,172.217.169.46,ICMP,8080,7533,5396,Blocked,Low
2025-03-19 05:46:40,10.0.0.44,172.217.169.46,DNS,21,3878,1535,Blocked,Low
2025-03-19 05:46:10,10.0.0.30,8.8.8.8,TCP,N/A,6304,5222,Allowed,Low
2025-03-19 05:45:40,192.168.1.24,203.0.113.99,ICMP,3389,2315,11210,Blocked,High
2025-03-19 05:45:10,10.0.0.8,10.0.0.5,DNS,53,3040,14078,Blocked,Medium
2025-03-19 05:44:40,10.0.0.10,10.0.0.5,HTTP,3389,9426,5297,Allowed,Medium
2025-03-19 05:44:10,10.0.0.32,203.0.113.99,ICMP,8080,8973,6656,Blocked,Medium
2025-03-19 05:43:40,192.168.1.22,172.217.169.46,FTP,53,5789,3677,Blocked,Medium
2025-03-19 05:43:10,192.168.1.3,10.0.0.5,DNS,8080,7448,12305,Allowed,Medium
2025-03-19 05:42:40,192.168.1.4,172.217.169.46,ICMP,N/A,8859,8695,Allowed,Medium
2025-03-19 05:42:10,10.0.0.25,172.217.169.46,UDP,53,3803,11592,Allowed,Low
2025-03-19 05:41:40,192.168.1.33,8.8.8.8,DNS,443,4962,1051,Allowed,Medium
2025-03-19 05:41:10,10.0.0.3,8.8.8.8,DNS,N/A,5881,14918,Allowed,High
2025-03-19 05:40:40,10.0.0.49,203.0.113.99,TCP,22,9242,3327,Blocked,Low
2025-03-19 05:40:10,10.0.0.42,172.217.169.46,HTTP,53,9235,13133,Blocked,Medium
2025-03-19 05:39:40,192.168.1.30,8.8.8.8,TCP,8080,9418,9582,Blocked,Low
2025-03-19 05:39:10,10.0.0.33,192.168.1.20,TCP,3389,9017,10752,Allowed,Low
2025-03-19 05:38:40,10.0.0.41,192.168.1.20,ICMP,21,4244,4766,Blocked,Low
2025-03-19 05:38:10,10.0.0.31,8.8.8.8,FTP,N/A,6386,11873,Allowed,Medium
2025-03-19 05:37:40,10.0.0.37,192.168.1.20,ICMP,80,9865,4603,Allowed,Medium
2025-03-19 05:37:10,192.168.1.10,203.0.113.99,FTP,53,532,2545,Blocked,Low
2025-03-19 05:36:40,10.0.0.11,192.168.1.20,FTP,21,8009,10277,Blocked,Low
2025-03-19 05:36:10,192.168.1.44,172.217.169.46,DNS,3389,5331,13519,Blocked,High
2025-03-19 05:35:40,192.168.1.50,10.0.0.5,FTP,8080,6124,971,Blocked,Low
2025-03-19 05:35:10,192.168.1.39,172.217.169.46,ICMP,8080,4673,10898,Allowed,Critical
2025-03-19 05:34:40,10.0.0.34,203.0.113.99,FTP,53,2376,9356,Allowed,Low
2025-03-19 05:34:10,192.168.1.10,172.217.169.46,DNS,3389,1441,727,Allowed,High
2025-03-19 05:33:40,10.0.0.28,10.0.0.5,FTP,21,5237,12424,Allowed,Low
2025-03-19 05:33:10,192.168.1.27,203.0.113.99,FTP,443,3727,4136,Allowed,Low
2025-03-19 05:32:40,192.168.1.14,192.168.1.20,DNS,3389,6012,6157,Blocked,Low
2025-03-19 05:32:10,192.168.1.27,203.0.113.99,FTP,443,3414,13383,Blocked,Low
2025-03-19 05:31:40,10.0.0.29,10.0.0.5,HTTP,8080,6107,4662,Allowed,Low
2025-03-19 05:31:10,10.0.0.45,10.0.0.5,TCP,21,8022,8857,Allowed,Low
2025-03-19 05:30:40,10.0.0.20,172.217.169.46,TCP,3389,7653,3394,Allowed,Medium
2025-03-19 05:30:10,192.168.1.6,10.0.0.5,DNS,53,5393,7521,Allowed,High
2025-03-19 05:29:40,10.0.0.13,8.8.8.8,DNS,8080,2216,6032,Blocked,High
2025-03-19 05:29:10,10.0.0.39,8.8.8.8,TCP,80,8199,9510,Blocked,Low
2025-03-19 05:28:40,192.168.1.16,8.8.8.8,DNS,21,4379,1023,Blocked,Medium
2025-03-19 05:28:10,192.168.1.3,8.8.8.8,UDP,N/A,5861,3867,Allowed,Low
2025-03-19 05:27:40,192.168.1.12,8.8.8.8,FTP,53,6828,8791,Allowed,Medium
2025-03-19 05:27:10,192.168.1.36,203.0.113.99,DNS,443,7858,1857,Allowed,Low
2025-03-19 05:26:40,10.0.0.37,8.8.8.8,FTP,8080,2527,4693,Blocked,Low
2025-03-19 05:26:10,10.0.0.15,192.168.1.20,TCP,N/A,4165,6335,Allowed,Low
2025-03-19 05:25:40,192.168.1.14,192.168.1.20,DNS,3389,644,6366,Blocked,High
2025-03-19 05:25:10,10.0.0.22,10.0.0.5,FTP,443,7148,1898,Blocked,Medium
2025-03-19 05:24:40,10.0.0.30,203.0.113.99,ICMP,8080,8354,5585,Blocked,Low
2025-03-19 05:24:10,192.168.1.4,8.8.8.8,ICMP,N/A,8843,11429,Allowed,Low
2025-03-19 05:23:40,192.168.1.15,192.168.1.20,TCP,3389,5835,7407,Blocked,Medium
2025-03-19 05:23:10,10.0.0.31,8.8.8.8,ICMP,22,1160,743,Blocked,High
2025-03-19 05:22:40,10.0.0.13,203.0.113.99,DNS,21,8190,8946,Blocked,Medium
2025-03-19 05:22:10,192.168.1.45,192.168.1.20,TCP,80,4930,2558,Allowed,Medium
2025-03-19 05:21:40,10.0.0.32,10.0.0.5,HTTP,3389,5854,8320,Blocked,Medium
2025-03-19 05:21:10,10.0.0.4,10.0.0.5,FTP,3389,4417,3875,Allowed,Low
2025-03-19 05:20:40,10.0.0.8,203.0.113.99,TCP,8080,3821,14694,Blocked,High
2025-03-19 05:20:10,192.168.1.20,10.0.0.5,DNS,22,7114,10772,Blocked,Medium
2025-03-19 05:19:40,192.168.1.20,172.217.169.46,FTP,22,6755,13998,Allowed,Low
2025-03-19 05:19:10,192.168.1.19,172.217.169.46,ICMP,443,8566,14234,Allowed,Low
2025-03-19 05:18:40,192.168.1.37,172.217.169.46,FTP,443,915,14140,Allowed,Critical
2025-03-19 05:18:10,10.0.0.35,192.168.1.20,TCP,N/A,7858,8169,Blocked,High
2025-03-19 05:17:40,192.168.1.42,192.168.1.20,ICMP,8080,1850,9159,Blocked,Low
2025-03-19 05:17:10,192.168.1.33,192.168.1.20,HTTP,21,8963,2425,Blocked,Medium
2025-03-19 05:16:40,10.0.0.23,10.0.0.5,ICMP,53,9937,3259,Allowed,Medium
2025-03-19 05:16:10,10.0.0.37,10.0.0.5,HTTP,8080,7483,12807,Allowed,Medium
2025-03-19 05:15:40,10.0.0.22,203.0.113.99,HTTP,80,9928,826,Allowed,Medium
2025-03-19 05:15:10,10.0.0.10,192.168.1.20,HTTP,22,9754,1429,Allowed,Medium
2025-03-19 05:14:40,10.0.0.50,203.0.113.99,UDP,N/A,1513,8640,Blocked,Low
2025-03-19 05:14:10,192.168.1.29,203.0.113.99,DNS,N/A,3383,7179,Allowed,Medium
2025-03-19 05:13:40,10.0.0.13,203.0.113.99,ICMP,80,5366,4823,Allowed,Medium
2025-03-19 05:13:10,192.168.1.50,203.0.113.99,UDP,N/A,7517,11025,Blocked,Low
2025-03-19 05:12:40,192.168.1.1,8.8.8.8,UDP,N/A,2546,1248,Allowed,Medium
2025-03-19 05:12:10,192.168.1.24,192.168.1.20,ICMP,80,8576,10659,Blocked,Low
2025-03-19 05:11:40,192.168.1.1,172.217.169.46,DNS,21,5477,209,Blocked,Medium
2025-03-19 05:11:10,10.0.0.36,192.168.1.20,UDP,443,1286,9058,Blocked,Low
2025-03-19 05:10:40,10.0.0.26,172.217.169.46,TCP,80,4730,13225,Allowed,Medium
2025-03-19 05:10:10,192.168.1.45,172.217.169.46,DNS,443,6926,7648,Blocked,Low
2025-03-19 05:09:40,10.0.0.21,8.8.8.8,HTTP,8080,7855,3078,Blocked,Low
2025-03-19 05:09:10,192.168.1.26,172.217.169.46,TCP,21,2895,2525,Blocked,Low
2025-03-19 05:08:40,192.168.1.20,192.168.1.20,TCP,8080,6178,10799,Blocked,Critical
2025-03-19 05:08:10,192.168.1.43,10.0.0.5,FTP,53,1070,5831,Blocked,Low
2025-03-19 05:07:40,192.168.1.28,10.0.0.5,FTP,8080,8606,14556,Blocked,Low
2025-03-19 05:07:10,10.0.0.23,203.0.113.99,HTTP,22,8184,12360,Blocked,Medium
2025-03-19 05:06:40,192.168.1.31,203.0.113.99,FTP,443,5862,2982,Blocked,Low
2025-03-19 05:06:10,10.0.0.48,203.0.113.99,DNS,53,312,8371,Blocked,Low
2025-03-19 05:05:40,10.0.0.3,10.0.0.5,HTTP,53,4995,7655,Blocked,High
2025-03-19 05:05:10,10.0.0.38,203.0.113.99,ICMP,443,9502,2502,Allowed,Low
2025-03-19 05:04:40,192.168.1.18,8.8.8.8,FTP,22,2775,8538,Allowed,Low
2025-03-19 05:04:10,192.168.1.32,10.0.0.5,DNS,22,7143,7309,Allowed,Medium
2025-03-19 05:03:40,192.168.1.16,10.0.0.5,FTP,N/A,5640,10385,Allowed,Low
2025-03-19 05:03:10,10.0.0.4,10.0.0.5,TCP,53,9091,5925,Allowed,Medium
2025-03-19 05:02:40,192.168.1.20,203.0.113.99,HTTP,53,5254,13895,Blocked,Low
2025-03-19 05:02:10,192.168.1.29,10.0.0.5,ICMP,3389,2197,7228,Blocked,Low
2025-03-19 05:01:40,192.168.1.13,8.8.8.8,UDP,3389,2234,14075,Blocked,Low
2025-03-19 05:01:10,10.0.0.4,10.0.0.5,TCP,53,3559,8197,Allowed,Low
2025-03-19 05:00:40,192.168.1.40,172.217.169.46,TCP,3389,3801,9952,Allowed,Low
2025-03-19 05:00:10,10.0.0.37,10.0.0.5,HTTP,80,4298,7114,Blocked,Low
2025-03-19 04:59:40,10.0.0.45,192.168.1.20,UDP,443,1416,4882,Blocked,Low
2025-03-19 04:59:10,192.168.1.37,203.0.113.99,TCP,53,9917,8854,Allowed,Medium
2025-03-19 04:58:40,192.168.1.22,203.0.113.99,FTP,53,8109,12359,Blocked,Low
2025-03-19 04:58:10,192.168.1.29,10.0.0.5,FTP,80,3694,12258,Blocked,Low
2025-03-19 04:57:40,192.168.1.21,203.0.113.99,HTTP,53,8239,14039,Allowed,Medium
2025-03-19 04:57:10,192.168.1.44,203.0.113.99,TCP,53,8444,13694,Blocked,Low
2025-03-19 04:56:40,192.168.1.36,192.168.1.20,ICMP,443,9776,3047,Blocked,Low
2025-03-19 04:56:10,192.168.1.12,172.217.169.46,UDP,21,9796,688,Blocked,Low
2025-03-19 04:55:40,10.0.0.45,8.8.8.8,HTTP,N/A,9221,11194,Blocked,High
2025-03-19 04:55:10,10.0.0.4,172.217.169.46,DNS,53,5211,11532,Blocked,Low
2025-03-19 04:54:40,192.168.1.21,172.217.169.46,TCP,443,5713,13035,Blocked,Medium
2025-03-19 04:54:10,192.168.1.40,203.0.113.99,UDP,22,859,12844,Allowed,Critical
2025-03-19 04:53:40,192.168.1.1,8.8.8.8,ICMP,3389,8955,3985,Allowed,Low
2025-03-19 04:53:10,10.0.0.3,192.168.1.20,TCP,3389,1932,1021,Blocked,Low
2025-03-19 04:52:40,192.168.1.50,192.168.1.20,ICMP,22,3993,10494,Blocked,Low
2025-03-19 04:52:10,192.168.1.40,203.0.113.99,ICMP,21,7289,5893,Allowed,Low
2025-03-19 04:51:40,10.0.0.24,172.217.169.46,HTTP,N/A,3012,5507,Allowed,Low
2025-03-19 04:51:10,192.168.1.8,203.0.113.99,FTP,3389,7565,1259,Blocked,Medium
2025-03-19 04:50:40,10.0.0.18,192.168.1.20,ICMP,8080,560,12910,Blocked,Medium
2025-03-19 04:50:10,192.168.1.48,10.0.0.5,DNS,80,8548,13088,Allowed,High
2025-03-19 04:49:40,192.168.1.15,10.0.0.5,ICMP,3389,474,14849,Allowed,Low
2025-03-19 04:49:10,192.168.1.8,10.0.0.5,DNS,22,7759,5876,Allowed,Low
2025-03-19 04:48:40,192.168.1.11,192.168.1.20,DNS,3389,393,13567,Allowed,Low
2025-03-19 04:48:10,10.0.0.11,203.0.113.99,HTTP,N/A,2839,2939,Blocked,Medium
2025-03-19 04:47:40,192.168.1.39,192.168.1.20,ICMP,22,4178,8307,Blocked,Low
2025-03-19 04:47:10,192.168.1.2,192.168.1.20,UDP,443,3302,8898,Allowed,Medium
2025-03-19 04:46:40,10.0.0.46,172.217.169.46,DNS,53,2290,6246,Blocked,Low
2025-03-19 04:46:10,10.0.0.3,8.8.8.8,HTTP,443,3470,12474,Allowed,Low
2025-03-19 04:45:40,10.0.0.3,192.168.1.20,UDP,21,6655,13170,Blocked,Low
2025-03-19 04:45:10,192.168.1.30,172.217.169.46,DNS,N/A,7308,13117,Blocked,Low
2025-03-19 04:44:40,192.168.1.34,8.8.8.8,ICMP,3389,726,279,Allowed,Low
